--
-- PostgreSQL database dump
--

-- Dumped from database version 16.9
-- Dumped by pg_dump version 16.9

-- Started on 2025-07-05 02:55:12

SET statement_timeout = 0;
SET lock_timeout = 0;
SET idle_in_transaction_session_timeout = 0;
SET client_encoding = 'UTF8';
SET standard_conforming_strings = on;
SELECT pg_catalog.set_config('search_path', '', false);
SET check_function_bodies = false;
SET xmloption = content;
SET client_min_messages = warning;
SET row_security = off;

SET default_tablespace = '';

SET default_table_access_method = heap;

--
-- TOC entry 222 (class 1259 OID 18093)
-- Name: auth_group; Type: TABLE; Schema: public; Owner: postgres
--

CREATE TABLE public.auth_group (
    id integer NOT NULL,
    name character varying(150) NOT NULL
);


ALTER TABLE public.auth_group OWNER TO postgres;

--
-- TOC entry 221 (class 1259 OID 18092)
-- Name: auth_group_id_seq; Type: SEQUENCE; Schema: public; Owner: postgres
--

ALTER TABLE public.auth_group ALTER COLUMN id ADD GENERATED BY DEFAULT AS IDENTITY (
    SEQUENCE NAME public.auth_group_id_seq
    START WITH 1
    INCREMENT BY 1
    NO MINVALUE
    NO MAXVALUE
    CACHE 1
);


--
-- TOC entry 224 (class 1259 OID 18101)
-- Name: auth_group_permissions; Type: TABLE; Schema: public; Owner: postgres
--

CREATE TABLE public.auth_group_permissions (
    id bigint NOT NULL,
    group_id integer NOT NULL,
    permission_id integer NOT NULL
);


ALTER TABLE public.auth_group_permissions OWNER TO postgres;

--
-- TOC entry 223 (class 1259 OID 18100)
-- Name: auth_group_permissions_id_seq; Type: SEQUENCE; Schema: public; Owner: postgres
--

ALTER TABLE public.auth_group_permissions ALTER COLUMN id ADD GENERATED BY DEFAULT AS IDENTITY (
    SEQUENCE NAME public.auth_group_permissions_id_seq
    START WITH 1
    INCREMENT BY 1
    NO MINVALUE
    NO MAXVALUE
    CACHE 1
);


--
-- TOC entry 220 (class 1259 OID 18087)
-- Name: auth_permission; Type: TABLE; Schema: public; Owner: postgres
--

CREATE TABLE public.auth_permission (
    id integer NOT NULL,
    name character varying(255) NOT NULL,
    content_type_id integer NOT NULL,
    codename character varying(100) NOT NULL
);


ALTER TABLE public.auth_permission OWNER TO postgres;

--
-- TOC entry 219 (class 1259 OID 18086)
-- Name: auth_permission_id_seq; Type: SEQUENCE; Schema: public; Owner: postgres
--

ALTER TABLE public.auth_permission ALTER COLUMN id ADD GENERATED BY DEFAULT AS IDENTITY (
    SEQUENCE NAME public.auth_permission_id_seq
    START WITH 1
    INCREMENT BY 1
    NO MINVALUE
    NO MAXVALUE
    CACHE 1
);


--
-- TOC entry 247 (class 1259 OID 25674)
-- Name: core_cargo; Type: TABLE; Schema: public; Owner: postgres
--

CREATE TABLE public.core_cargo (
    id bigint NOT NULL,
    nombre character varying(100) NOT NULL,
    descripcion text,
    activo boolean NOT NULL
);


ALTER TABLE public.core_cargo OWNER TO postgres;

--
-- TOC entry 246 (class 1259 OID 25673)
-- Name: core_cargo_id_seq; Type: SEQUENCE; Schema: public; Owner: postgres
--

ALTER TABLE public.core_cargo ALTER COLUMN id ADD GENERATED BY DEFAULT AS IDENTITY (
    SEQUENCE NAME public.core_cargo_id_seq
    START WITH 1
    INCREMENT BY 1
    NO MINVALUE
    NO MAXVALUE
    CACHE 1
);


--
-- TOC entry 249 (class 1259 OID 25684)
-- Name: core_diagnostico; Type: TABLE; Schema: public; Owner: postgres
--

CREATE TABLE public.core_diagnostico (
    id bigint NOT NULL,
    codigo character varying(20) NOT NULL,
    descripcion character varying(100) NOT NULL,
    datos_adicionales text,
    activo boolean NOT NULL
);


ALTER TABLE public.core_diagnostico OWNER TO postgres;

--
-- TOC entry 248 (class 1259 OID 25683)
-- Name: core_diagnostico_id_seq; Type: SEQUENCE; Schema: public; Owner: postgres
--

ALTER TABLE public.core_diagnostico ALTER COLUMN id ADD GENERATED BY DEFAULT AS IDENTITY (
    SEQUENCE NAME public.core_diagnostico_id_seq
    START WITH 1
    INCREMENT BY 1
    NO MINVALUE
    NO MAXVALUE
    CACHE 1
);


--
-- TOC entry 261 (class 1259 OID 25740)
-- Name: core_doctor; Type: TABLE; Schema: public; Owner: postgres
--

CREATE TABLE public.core_doctor (
    id bigint NOT NULL,
    nombres character varying(100) NOT NULL,
    apellidos character varying(100) NOT NULL,
    ruc character varying(13) NOT NULL,
    fecha_nacimiento date NOT NULL,
    direccion character varying(255) NOT NULL,
    latitud numeric(18,6),
    longitud numeric(18,6),
    codigo_unico_doctor character varying(20) NOT NULL,
    telefonos character varying(20) NOT NULL,
    email character varying(254),
    horario_atencion text NOT NULL,
    curriculum character varying(100),
    firma_digital character varying(100),
    foto character varying(100),
    imagen_receta character varying(100),
    activo boolean NOT NULL,
    duracion_atencion integer NOT NULL,
    CONSTRAINT core_doctor_duracion_atencion_check CHECK ((duracion_atencion >= 0))
);


ALTER TABLE public.core_doctor OWNER TO postgres;

--
-- TOC entry 263 (class 1259 OID 25754)
-- Name: core_doctor_especialidad; Type: TABLE; Schema: public; Owner: postgres
--

CREATE TABLE public.core_doctor_especialidad (
    id bigint NOT NULL,
    doctor_id bigint NOT NULL,
    especialidad_id bigint NOT NULL
);


ALTER TABLE public.core_doctor_especialidad OWNER TO postgres;

--
-- TOC entry 262 (class 1259 OID 25753)
-- Name: core_doctor_especialidad_id_seq; Type: SEQUENCE; Schema: public; Owner: postgres
--

ALTER TABLE public.core_doctor_especialidad ALTER COLUMN id ADD GENERATED BY DEFAULT AS IDENTITY (
    SEQUENCE NAME public.core_doctor_especialidad_id_seq
    START WITH 1
    INCREMENT BY 1
    NO MINVALUE
    NO MAXVALUE
    CACHE 1
);


--
-- TOC entry 260 (class 1259 OID 25739)
-- Name: core_doctor_id_seq; Type: SEQUENCE; Schema: public; Owner: postgres
--

ALTER TABLE public.core_doctor ALTER COLUMN id ADD GENERATED BY DEFAULT AS IDENTITY (
    SEQUENCE NAME public.core_doctor_id_seq
    START WITH 1
    INCREMENT BY 1
    NO MINVALUE
    NO MAXVALUE
    CACHE 1
);


--
-- TOC entry 259 (class 1259 OID 25732)
-- Name: core_empleado; Type: TABLE; Schema: public; Owner: postgres
--

CREATE TABLE public.core_empleado (
    id bigint NOT NULL,
    nombres character varying(100) NOT NULL,
    apellidos character varying(100) NOT NULL,
    cedula_ecuatoriana character varying(10) NOT NULL,
    dni character varying(30),
    fecha_nacimiento date NOT NULL,
    sueldo numeric(10,2) NOT NULL,
    fecha_ingreso date NOT NULL,
    direccion character varying(255) NOT NULL,
    latitud double precision,
    longitud double precision,
    foto character varying(100),
    activo boolean NOT NULL,
    cargo_id bigint NOT NULL
);


ALTER TABLE public.core_empleado OWNER TO postgres;

--
-- TOC entry 258 (class 1259 OID 25731)
-- Name: core_empleado_id_seq; Type: SEQUENCE; Schema: public; Owner: postgres
--

ALTER TABLE public.core_empleado ALTER COLUMN id ADD GENERATED BY DEFAULT AS IDENTITY (
    SEQUENCE NAME public.core_empleado_id_seq
    START WITH 1
    INCREMENT BY 1
    NO MINVALUE
    NO MAXVALUE
    CACHE 1
);


--
-- TOC entry 251 (class 1259 OID 25694)
-- Name: core_especialidad; Type: TABLE; Schema: public; Owner: postgres
--

CREATE TABLE public.core_especialidad (
    id bigint NOT NULL,
    nombre character varying(100) NOT NULL,
    descripcion text,
    activo boolean NOT NULL
);


ALTER TABLE public.core_especialidad OWNER TO postgres;

--
-- TOC entry 250 (class 1259 OID 25693)
-- Name: core_especialidad_id_seq; Type: SEQUENCE; Schema: public; Owner: postgres
--

ALTER TABLE public.core_especialidad ALTER COLUMN id ADD GENERATED BY DEFAULT AS IDENTITY (
    SEQUENCE NAME public.core_especialidad_id_seq
    START WITH 1
    INCREMENT BY 1
    NO MINVALUE
    NO MAXVALUE
    CACHE 1
);


--
-- TOC entry 271 (class 1259 OID 25842)
-- Name: core_fotopaciente; Type: TABLE; Schema: public; Owner: postgres
--

CREATE TABLE public.core_fotopaciente (
    id bigint NOT NULL,
    imagen character varying(100) NOT NULL,
    descripcion text,
    fecha_subida timestamp with time zone NOT NULL,
    paciente_id bigint NOT NULL
);


ALTER TABLE public.core_fotopaciente OWNER TO postgres;

--
-- TOC entry 270 (class 1259 OID 25841)
-- Name: core_fotopaciente_id_seq; Type: SEQUENCE; Schema: public; Owner: postgres
--

ALTER TABLE public.core_fotopaciente ALTER COLUMN id ADD GENERATED BY DEFAULT AS IDENTITY (
    SEQUENCE NAME public.core_fotopaciente_id_seq
    START WITH 1
    INCREMENT BY 1
    NO MINVALUE
    NO MAXVALUE
    CACHE 1
);


--
-- TOC entry 273 (class 1259 OID 25850)
-- Name: core_gastomensual; Type: TABLE; Schema: public; Owner: postgres
--

CREATE TABLE public.core_gastomensual (
    id bigint NOT NULL,
    fecha date NOT NULL,
    valor numeric(10,2) NOT NULL,
    observacion text,
    tipo_gasto_id bigint NOT NULL
);


ALTER TABLE public.core_gastomensual OWNER TO postgres;

--
-- TOC entry 272 (class 1259 OID 25849)
-- Name: core_gastomensual_id_seq; Type: SEQUENCE; Schema: public; Owner: postgres
--

ALTER TABLE public.core_gastomensual ALTER COLUMN id ADD GENERATED BY DEFAULT AS IDENTITY (
    SEQUENCE NAME public.core_gastomensual_id_seq
    START WITH 1
    INCREMENT BY 1
    NO MINVALUE
    NO MAXVALUE
    CACHE 1
);


--
-- TOC entry 253 (class 1259 OID 25704)
-- Name: core_marcamedicamento; Type: TABLE; Schema: public; Owner: postgres
--

CREATE TABLE public.core_marcamedicamento (
    id bigint NOT NULL,
    nombre character varying(100) NOT NULL,
    descripcion text,
    activo boolean NOT NULL
);


ALTER TABLE public.core_marcamedicamento OWNER TO postgres;

--
-- TOC entry 252 (class 1259 OID 25703)
-- Name: core_marcamedicamento_id_seq; Type: SEQUENCE; Schema: public; Owner: postgres
--

ALTER TABLE public.core_marcamedicamento ALTER COLUMN id ADD GENERATED BY DEFAULT AS IDENTITY (
    SEQUENCE NAME public.core_marcamedicamento_id_seq
    START WITH 1
    INCREMENT BY 1
    NO MINVALUE
    NO MAXVALUE
    CACHE 1
);


--
-- TOC entry 265 (class 1259 OID 25760)
-- Name: core_medicamento; Type: TABLE; Schema: public; Owner: postgres
--

CREATE TABLE public.core_medicamento (
    id bigint NOT NULL,
    nombre character varying(100) NOT NULL,
    descripcion text,
    concentracion character varying(50),
    via_administracion character varying(20) NOT NULL,
    cantidad integer NOT NULL,
    precio numeric(10,2) NOT NULL,
    comercial boolean NOT NULL,
    activo boolean NOT NULL,
    marca_medicamento_id bigint,
    tipo_id bigint NOT NULL,
    foto character varying(100),
    CONSTRAINT core_medicamento_cantidad_check CHECK ((cantidad >= 0))
);


ALTER TABLE public.core_medicamento OWNER TO postgres;

--
-- TOC entry 264 (class 1259 OID 25759)
-- Name: core_medicamento_id_seq; Type: SEQUENCE; Schema: public; Owner: postgres
--

ALTER TABLE public.core_medicamento ALTER COLUMN id ADD GENERATED BY DEFAULT AS IDENTITY (
    SEQUENCE NAME public.core_medicamento_id_seq
    START WITH 1
    INCREMENT BY 1
    NO MINVALUE
    NO MAXVALUE
    CACHE 1
);


--
-- TOC entry 267 (class 1259 OID 25771)
-- Name: core_paciente; Type: TABLE; Schema: public; Owner: postgres
--

CREATE TABLE public.core_paciente (
    id bigint NOT NULL,
    nombres character varying(100) NOT NULL,
    apellidos character varying(100) NOT NULL,
    cedula_ecuatoriana character varying(10) NOT NULL,
    dni character varying(30),
    fecha_nacimiento date NOT NULL,
    telefono character varying(50) NOT NULL,
    email character varying(254),
    sexo character varying(10) NOT NULL,
    estado_civil character varying(12) NOT NULL,
    direccion character varying(255) NOT NULL,
    latitud numeric(18,6),
    longitud numeric(18,6),
    foto character varying(100),
    antecedentes_personales text,
    antecedentes_quirurgicos text,
    antecedentes_familiares text,
    alergias text,
    medicamentos_actuales text,
    habitos_toxicos character varying(200) NOT NULL,
    vacunas text,
    antecedentes_gineco_obstetricos text,
    activo boolean NOT NULL,
    tipo_sangre_id bigint
);


ALTER TABLE public.core_paciente OWNER TO postgres;

--
-- TOC entry 266 (class 1259 OID 25770)
-- Name: core_paciente_id_seq; Type: SEQUENCE; Schema: public; Owner: postgres
--

ALTER TABLE public.core_paciente ALTER COLUMN id ADD GENERATED BY DEFAULT AS IDENTITY (
    SEQUENCE NAME public.core_paciente_id_seq
    START WITH 1
    INCREMENT BY 1
    NO MINVALUE
    NO MAXVALUE
    CACHE 1
);


--
-- TOC entry 269 (class 1259 OID 25830)
-- Name: core_tipogasto; Type: TABLE; Schema: public; Owner: postgres
--

CREATE TABLE public.core_tipogasto (
    id bigint NOT NULL,
    nombre character varying(100) NOT NULL,
    descripcion text,
    activo boolean NOT NULL
);


ALTER TABLE public.core_tipogasto OWNER TO postgres;

--
-- TOC entry 268 (class 1259 OID 25829)
-- Name: core_tipogasto_id_seq; Type: SEQUENCE; Schema: public; Owner: postgres
--

ALTER TABLE public.core_tipogasto ALTER COLUMN id ADD GENERATED BY DEFAULT AS IDENTITY (
    SEQUENCE NAME public.core_tipogasto_id_seq
    START WITH 1
    INCREMENT BY 1
    NO MINVALUE
    NO MAXVALUE
    CACHE 1
);


--
-- TOC entry 255 (class 1259 OID 25714)
-- Name: core_tipomedicamento; Type: TABLE; Schema: public; Owner: postgres
--

CREATE TABLE public.core_tipomedicamento (
    id bigint NOT NULL,
    nombre character varying(100) NOT NULL,
    descripcion text,
    activo boolean NOT NULL
);


ALTER TABLE public.core_tipomedicamento OWNER TO postgres;

--
-- TOC entry 254 (class 1259 OID 25713)
-- Name: core_tipomedicamento_id_seq; Type: SEQUENCE; Schema: public; Owner: postgres
--

ALTER TABLE public.core_tipomedicamento ALTER COLUMN id ADD GENERATED BY DEFAULT AS IDENTITY (
    SEQUENCE NAME public.core_tipomedicamento_id_seq
    START WITH 1
    INCREMENT BY 1
    NO MINVALUE
    NO MAXVALUE
    CACHE 1
);


--
-- TOC entry 257 (class 1259 OID 25724)
-- Name: core_tiposangre; Type: TABLE; Schema: public; Owner: postgres
--

CREATE TABLE public.core_tiposangre (
    id bigint NOT NULL,
    tipo character varying(10) NOT NULL,
    descripcion character varying(100) NOT NULL
);


ALTER TABLE public.core_tiposangre OWNER TO postgres;

--
-- TOC entry 256 (class 1259 OID 25723)
-- Name: core_tiposangre_id_seq; Type: SEQUENCE; Schema: public; Owner: postgres
--

ALTER TABLE public.core_tiposangre ALTER COLUMN id ADD GENERATED BY DEFAULT AS IDENTITY (
    SEQUENCE NAME public.core_tiposangre_id_seq
    START WITH 1
    INCREMENT BY 1
    NO MINVALUE
    NO MAXVALUE
    CACHE 1
);


--
-- TOC entry 242 (class 1259 OID 18275)
-- Name: django_admin_log; Type: TABLE; Schema: public; Owner: postgres
--

CREATE TABLE public.django_admin_log (
    id integer NOT NULL,
    action_time timestamp with time zone NOT NULL,
    object_id text,
    object_repr character varying(200) NOT NULL,
    action_flag smallint NOT NULL,
    change_message text NOT NULL,
    content_type_id integer,
    user_id bigint NOT NULL,
    CONSTRAINT django_admin_log_action_flag_check CHECK ((action_flag >= 0))
);


ALTER TABLE public.django_admin_log OWNER TO postgres;

--
-- TOC entry 241 (class 1259 OID 18274)
-- Name: django_admin_log_id_seq; Type: SEQUENCE; Schema: public; Owner: postgres
--

ALTER TABLE public.django_admin_log ALTER COLUMN id ADD GENERATED BY DEFAULT AS IDENTITY (
    SEQUENCE NAME public.django_admin_log_id_seq
    START WITH 1
    INCREMENT BY 1
    NO MINVALUE
    NO MAXVALUE
    CACHE 1
);


--
-- TOC entry 218 (class 1259 OID 18079)
-- Name: django_content_type; Type: TABLE; Schema: public; Owner: postgres
--

CREATE TABLE public.django_content_type (
    id integer NOT NULL,
    app_label character varying(100) NOT NULL,
    model character varying(100) NOT NULL
);


ALTER TABLE public.django_content_type OWNER TO postgres;

--
-- TOC entry 217 (class 1259 OID 18078)
-- Name: django_content_type_id_seq; Type: SEQUENCE; Schema: public; Owner: postgres
--

ALTER TABLE public.django_content_type ALTER COLUMN id ADD GENERATED BY DEFAULT AS IDENTITY (
    SEQUENCE NAME public.django_content_type_id_seq
    START WITH 1
    INCREMENT BY 1
    NO MINVALUE
    NO MAXVALUE
    CACHE 1
);


--
-- TOC entry 216 (class 1259 OID 18071)
-- Name: django_migrations; Type: TABLE; Schema: public; Owner: postgres
--

CREATE TABLE public.django_migrations (
    id bigint NOT NULL,
    app character varying(255) NOT NULL,
    name character varying(255) NOT NULL,
    applied timestamp with time zone NOT NULL
);


ALTER TABLE public.django_migrations OWNER TO postgres;

--
-- TOC entry 215 (class 1259 OID 18070)
-- Name: django_migrations_id_seq; Type: SEQUENCE; Schema: public; Owner: postgres
--

ALTER TABLE public.django_migrations ALTER COLUMN id ADD GENERATED BY DEFAULT AS IDENTITY (
    SEQUENCE NAME public.django_migrations_id_seq
    START WITH 1
    INCREMENT BY 1
    NO MINVALUE
    NO MAXVALUE
    CACHE 1
);


--
-- TOC entry 245 (class 1259 OID 18695)
-- Name: django_session; Type: TABLE; Schema: public; Owner: postgres
--

CREATE TABLE public.django_session (
    session_key character varying(40) NOT NULL,
    session_data text NOT NULL,
    expire_date timestamp with time zone NOT NULL
);


ALTER TABLE public.django_session OWNER TO postgres;

--
-- TOC entry 277 (class 1259 OID 25904)
-- Name: doctor_atencion; Type: TABLE; Schema: public; Owner: postgres
--

CREATE TABLE public.doctor_atencion (
    id bigint NOT NULL,
    fecha_atencion timestamp with time zone NOT NULL,
    presion_arterial character varying(20),
    pulso integer,
    temperatura numeric(4,1),
    frecuencia_respiratoria integer,
    saturacion_oxigeno numeric(5,2),
    peso numeric(5,2),
    altura numeric(4,2),
    motivo_consulta text NOT NULL,
    sintomas text NOT NULL,
    tratamiento text NOT NULL,
    examen_fisico text,
    examenes_enviados text,
    comentario_adicional text,
    es_control boolean NOT NULL,
    paciente_id bigint NOT NULL,
    cita_id bigint,
    doctor_id bigint NOT NULL,
    CONSTRAINT doctor_atencion_frecuencia_respiratoria_check CHECK ((frecuencia_respiratoria >= 0)),
    CONSTRAINT doctor_atencion_pulso_check CHECK ((pulso >= 0))
);


ALTER TABLE public.doctor_atencion OWNER TO postgres;

--
-- TOC entry 279 (class 1259 OID 25914)
-- Name: doctor_atencion_diagnostico; Type: TABLE; Schema: public; Owner: postgres
--

CREATE TABLE public.doctor_atencion_diagnostico (
    id bigint NOT NULL,
    atencion_id bigint NOT NULL,
    diagnostico_id bigint NOT NULL
);


ALTER TABLE public.doctor_atencion_diagnostico OWNER TO postgres;

--
-- TOC entry 278 (class 1259 OID 25913)
-- Name: doctor_atencion_diagnostico_id_seq; Type: SEQUENCE; Schema: public; Owner: postgres
--

ALTER TABLE public.doctor_atencion_diagnostico ALTER COLUMN id ADD GENERATED BY DEFAULT AS IDENTITY (
    SEQUENCE NAME public.doctor_atencion_diagnostico_id_seq
    START WITH 1
    INCREMENT BY 1
    NO MINVALUE
    NO MAXVALUE
    CACHE 1
);


--
-- TOC entry 276 (class 1259 OID 25903)
-- Name: doctor_atencion_id_seq; Type: SEQUENCE; Schema: public; Owner: postgres
--

ALTER TABLE public.doctor_atencion ALTER COLUMN id ADD GENERATED BY DEFAULT AS IDENTITY (
    SEQUENCE NAME public.doctor_atencion_id_seq
    START WITH 1
    INCREMENT BY 1
    NO MINVALUE
    NO MAXVALUE
    CACHE 1
);


--
-- TOC entry 287 (class 1259 OID 25946)
-- Name: doctor_citamedica; Type: TABLE; Schema: public; Owner: postgres
--

CREATE TABLE public.doctor_citamedica (
    id bigint NOT NULL,
    fecha date NOT NULL,
    hora_cita time without time zone NOT NULL,
    estado character varying(10) NOT NULL,
    observaciones text,
    paciente_id bigint NOT NULL,
    doctor_id bigint NOT NULL
);


ALTER TABLE public.doctor_citamedica OWNER TO postgres;

--
-- TOC entry 286 (class 1259 OID 25945)
-- Name: doctor_citamedica_id_seq; Type: SEQUENCE; Schema: public; Owner: postgres
--

ALTER TABLE public.doctor_citamedica ALTER COLUMN id ADD GENERATED BY DEFAULT AS IDENTITY (
    SEQUENCE NAME public.doctor_citamedica_id_seq
    START WITH 1
    INCREMENT BY 1
    NO MINVALUE
    NO MAXVALUE
    CACHE 1
);


--
-- TOC entry 281 (class 1259 OID 25920)
-- Name: doctor_detalleatencion; Type: TABLE; Schema: public; Owner: postgres
--

CREATE TABLE public.doctor_detalleatencion (
    id bigint NOT NULL,
    cantidad integer NOT NULL,
    prescripcion text NOT NULL,
    duracion_tratamiento integer,
    frecuencia_diaria integer,
    atencion_id bigint NOT NULL,
    medicamento_id bigint NOT NULL,
    CONSTRAINT doctor_detalleatencion_cantidad_check CHECK ((cantidad >= 0)),
    CONSTRAINT doctor_detalleatencion_duracion_tratamiento_check CHECK ((duracion_tratamiento >= 0)),
    CONSTRAINT doctor_detalleatencion_frecuencia_diaria_check CHECK ((frecuencia_diaria >= 0))
);


ALTER TABLE public.doctor_detalleatencion OWNER TO postgres;

--
-- TOC entry 280 (class 1259 OID 25919)
-- Name: doctor_detalleatencion_id_seq; Type: SEQUENCE; Schema: public; Owner: postgres
--

ALTER TABLE public.doctor_detalleatencion ALTER COLUMN id ADD GENERATED BY DEFAULT AS IDENTITY (
    SEQUENCE NAME public.doctor_detalleatencion_id_seq
    START WITH 1
    INCREMENT BY 1
    NO MINVALUE
    NO MAXVALUE
    CACHE 1
);


--
-- TOC entry 285 (class 1259 OID 25939)
-- Name: doctor_detallepago; Type: TABLE; Schema: public; Owner: postgres
--

CREATE TABLE public.doctor_detallepago (
    id bigint NOT NULL,
    cantidad integer NOT NULL,
    precio_unitario numeric(10,2) NOT NULL,
    subtotal numeric(10,2) NOT NULL,
    descuento_porcentaje numeric(5,2) NOT NULL,
    pago_id bigint NOT NULL,
    servicio_adicional_id bigint NOT NULL,
    aplica_seguro boolean NOT NULL,
    descripcion_seguro character varying(255),
    valor_seguro numeric(10,2),
    CONSTRAINT doctor_detallepago_cantidad_check CHECK ((cantidad >= 0))
);


ALTER TABLE public.doctor_detallepago OWNER TO postgres;

--
-- TOC entry 284 (class 1259 OID 25938)
-- Name: doctor_detallepago_id_seq; Type: SEQUENCE; Schema: public; Owner: postgres
--

ALTER TABLE public.doctor_detallepago ALTER COLUMN id ADD GENERATED BY DEFAULT AS IDENTITY (
    SEQUENCE NAME public.doctor_detallepago_id_seq
    START WITH 1
    INCREMENT BY 1
    NO MINVALUE
    NO MAXVALUE
    CACHE 1
);


--
-- TOC entry 289 (class 1259 OID 25954)
-- Name: doctor_horarioatencion; Type: TABLE; Schema: public; Owner: postgres
--

CREATE TABLE public.doctor_horarioatencion (
    id bigint NOT NULL,
    dia_semana character varying(10) NOT NULL,
    hora_inicio time without time zone NOT NULL,
    hora_fin time without time zone NOT NULL,
    intervalo_desde time without time zone,
    intervalo_hasta time without time zone,
    activo boolean NOT NULL,
    doctor_id bigint NOT NULL
);


ALTER TABLE public.doctor_horarioatencion OWNER TO postgres;

--
-- TOC entry 288 (class 1259 OID 25953)
-- Name: doctor_horarioatencion_id_seq; Type: SEQUENCE; Schema: public; Owner: postgres
--

ALTER TABLE public.doctor_horarioatencion ALTER COLUMN id ADD GENERATED BY DEFAULT AS IDENTITY (
    SEQUENCE NAME public.doctor_horarioatencion_id_seq
    START WITH 1
    INCREMENT BY 1
    NO MINVALUE
    NO MAXVALUE
    CACHE 1
);


--
-- TOC entry 283 (class 1259 OID 25931)
-- Name: doctor_pago; Type: TABLE; Schema: public; Owner: postgres
--

CREATE TABLE public.doctor_pago (
    id bigint NOT NULL,
    metodo_pago character varying(20) NOT NULL,
    monto_total numeric(10,2) NOT NULL,
    estado character varying(20) NOT NULL,
    fecha_pago timestamp with time zone,
    fecha_creacion timestamp with time zone NOT NULL,
    nombre_pagador character varying(100),
    referencia_externa character varying(100),
    evidencia_pago character varying(100),
    observaciones text,
    activo boolean NOT NULL,
    atencion_id bigint
);


ALTER TABLE public.doctor_pago OWNER TO postgres;

--
-- TOC entry 282 (class 1259 OID 25930)
-- Name: doctor_pago_id_seq; Type: SEQUENCE; Schema: public; Owner: postgres
--

ALTER TABLE public.doctor_pago ALTER COLUMN id ADD GENERATED BY DEFAULT AS IDENTITY (
    SEQUENCE NAME public.doctor_pago_id_seq
    START WITH 1
    INCREMENT BY 1
    NO MINVALUE
    NO MAXVALUE
    CACHE 1
);


--
-- TOC entry 275 (class 1259 OID 25896)
-- Name: doctor_serviciosadicionales; Type: TABLE; Schema: public; Owner: postgres
--

CREATE TABLE public.doctor_serviciosadicionales (
    id bigint NOT NULL,
    nombre_servicio character varying(255) NOT NULL,
    costo_servicio numeric(10,2) NOT NULL,
    descripcion text,
    activo boolean NOT NULL
);


ALTER TABLE public.doctor_serviciosadicionales OWNER TO postgres;

--
-- TOC entry 274 (class 1259 OID 25895)
-- Name: doctor_serviciosadicionales_id_seq; Type: SEQUENCE; Schema: public; Owner: postgres
--

ALTER TABLE public.doctor_serviciosadicionales ALTER COLUMN id ADD GENERATED BY DEFAULT AS IDENTITY (
    SEQUENCE NAME public.doctor_serviciosadicionales_id_seq
    START WITH 1
    INCREMENT BY 1
    NO MINVALUE
    NO MAXVALUE
    CACHE 1
);


--
-- TOC entry 244 (class 1259 OID 18684)
-- Name: security_audituser; Type: TABLE; Schema: public; Owner: postgres
--

CREATE TABLE public.security_audituser (
    id bigint NOT NULL,
    tabla character varying(100) NOT NULL,
    registroid integer NOT NULL,
    accion character varying(15) NOT NULL,
    fecha date NOT NULL,
    hora time without time zone NOT NULL,
    estacion character varying(100) NOT NULL,
    usuario_id bigint NOT NULL
);


ALTER TABLE public.security_audituser OWNER TO postgres;

--
-- TOC entry 243 (class 1259 OID 18683)
-- Name: security_audituser_id_seq; Type: SEQUENCE; Schema: public; Owner: postgres
--

ALTER TABLE public.security_audituser ALTER COLUMN id ADD GENERATED BY DEFAULT AS IDENTITY (
    SEQUENCE NAME public.security_audituser_id_seq
    START WITH 1
    INCREMENT BY 1
    NO MINVALUE
    NO MAXVALUE
    CACHE 1
);


--
-- TOC entry 238 (class 1259 OID 18183)
-- Name: security_groupmodulepermission; Type: TABLE; Schema: public; Owner: postgres
--

CREATE TABLE public.security_groupmodulepermission (
    id bigint NOT NULL,
    group_id integer NOT NULL,
    module_id bigint NOT NULL
);


ALTER TABLE public.security_groupmodulepermission OWNER TO postgres;

--
-- TOC entry 237 (class 1259 OID 18182)
-- Name: security_groupmodulepermission_id_seq; Type: SEQUENCE; Schema: public; Owner: postgres
--

ALTER TABLE public.security_groupmodulepermission ALTER COLUMN id ADD GENERATED BY DEFAULT AS IDENTITY (
    SEQUENCE NAME public.security_groupmodulepermission_id_seq
    START WITH 1
    INCREMENT BY 1
    NO MINVALUE
    NO MAXVALUE
    CACHE 1
);


--
-- TOC entry 240 (class 1259 OID 18191)
-- Name: security_groupmodulepermission_permissions; Type: TABLE; Schema: public; Owner: postgres
--

CREATE TABLE public.security_groupmodulepermission_permissions (
    id bigint NOT NULL,
    groupmodulepermission_id bigint NOT NULL,
    permission_id integer NOT NULL
);


ALTER TABLE public.security_groupmodulepermission_permissions OWNER TO postgres;

--
-- TOC entry 239 (class 1259 OID 18190)
-- Name: security_groupmodulepermission_permissions_id_seq; Type: SEQUENCE; Schema: public; Owner: postgres
--

ALTER TABLE public.security_groupmodulepermission_permissions ALTER COLUMN id ADD GENERATED BY DEFAULT AS IDENTITY (
    SEQUENCE NAME public.security_groupmodulepermission_permissions_id_seq
    START WITH 1
    INCREMENT BY 1
    NO MINVALUE
    NO MAXVALUE
    CACHE 1
);


--
-- TOC entry 226 (class 1259 OID 18133)
-- Name: security_menu; Type: TABLE; Schema: public; Owner: postgres
--

CREATE TABLE public.security_menu (
    id bigint NOT NULL,
    name character varying(150) NOT NULL,
    icon character varying(100) NOT NULL,
    "order" smallint NOT NULL,
    CONSTRAINT security_menu_order_check CHECK (("order" >= 0))
);


ALTER TABLE public.security_menu OWNER TO postgres;

--
-- TOC entry 225 (class 1259 OID 18132)
-- Name: security_menu_id_seq; Type: SEQUENCE; Schema: public; Owner: postgres
--

ALTER TABLE public.security_menu ALTER COLUMN id ADD GENERATED BY DEFAULT AS IDENTITY (
    SEQUENCE NAME public.security_menu_id_seq
    START WITH 1
    INCREMENT BY 1
    NO MINVALUE
    NO MAXVALUE
    CACHE 1
);


--
-- TOC entry 234 (class 1259 OID 18166)
-- Name: security_module; Type: TABLE; Schema: public; Owner: postgres
--

CREATE TABLE public.security_module (
    id bigint NOT NULL,
    url character varying(100) NOT NULL,
    name character varying(100) NOT NULL,
    description character varying(200),
    icon character varying(100) NOT NULL,
    is_active boolean NOT NULL,
    "order" smallint NOT NULL,
    menu_id bigint NOT NULL,
    CONSTRAINT security_module_order_check CHECK (("order" >= 0))
);


ALTER TABLE public.security_module OWNER TO postgres;

--
-- TOC entry 233 (class 1259 OID 18165)
-- Name: security_module_id_seq; Type: SEQUENCE; Schema: public; Owner: postgres
--

ALTER TABLE public.security_module ALTER COLUMN id ADD GENERATED BY DEFAULT AS IDENTITY (
    SEQUENCE NAME public.security_module_id_seq
    START WITH 1
    INCREMENT BY 1
    NO MINVALUE
    NO MAXVALUE
    CACHE 1
);


--
-- TOC entry 236 (class 1259 OID 18177)
-- Name: security_module_permissions; Type: TABLE; Schema: public; Owner: postgres
--

CREATE TABLE public.security_module_permissions (
    id bigint NOT NULL,
    module_id bigint NOT NULL,
    permission_id integer NOT NULL
);


ALTER TABLE public.security_module_permissions OWNER TO postgres;

--
-- TOC entry 235 (class 1259 OID 18176)
-- Name: security_module_permissions_id_seq; Type: SEQUENCE; Schema: public; Owner: postgres
--

ALTER TABLE public.security_module_permissions ALTER COLUMN id ADD GENERATED BY DEFAULT AS IDENTITY (
    SEQUENCE NAME public.security_module_permissions_id_seq
    START WITH 1
    INCREMENT BY 1
    NO MINVALUE
    NO MAXVALUE
    CACHE 1
);


--
-- TOC entry 228 (class 1259 OID 18142)
-- Name: security_user; Type: TABLE; Schema: public; Owner: postgres
--

CREATE TABLE public.security_user (
    id bigint NOT NULL,
    password character varying(128) NOT NULL,
    last_login timestamp with time zone,
    is_superuser boolean NOT NULL,
    username character varying(150) NOT NULL,
    first_name character varying(150) NOT NULL,
    last_name character varying(150) NOT NULL,
    is_staff boolean NOT NULL,
    is_active boolean NOT NULL,
    date_joined timestamp with time zone NOT NULL,
    dni character varying(13),
    image character varying(1024),
    email character varying(254) NOT NULL,
    direction character varying(200),
    phone character varying(50)
);


ALTER TABLE public.security_user OWNER TO postgres;

--
-- TOC entry 230 (class 1259 OID 18154)
-- Name: security_user_groups; Type: TABLE; Schema: public; Owner: postgres
--

CREATE TABLE public.security_user_groups (
    id bigint NOT NULL,
    user_id bigint NOT NULL,
    group_id integer NOT NULL
);


ALTER TABLE public.security_user_groups OWNER TO postgres;

--
-- TOC entry 229 (class 1259 OID 18153)
-- Name: security_user_groups_id_seq; Type: SEQUENCE; Schema: public; Owner: postgres
--

ALTER TABLE public.security_user_groups ALTER COLUMN id ADD GENERATED BY DEFAULT AS IDENTITY (
    SEQUENCE NAME public.security_user_groups_id_seq
    START WITH 1
    INCREMENT BY 1
    NO MINVALUE
    NO MAXVALUE
    CACHE 1
);


--
-- TOC entry 227 (class 1259 OID 18141)
-- Name: security_user_id_seq; Type: SEQUENCE; Schema: public; Owner: postgres
--

ALTER TABLE public.security_user ALTER COLUMN id ADD GENERATED BY DEFAULT AS IDENTITY (
    SEQUENCE NAME public.security_user_id_seq
    START WITH 1
    INCREMENT BY 1
    NO MINVALUE
    NO MAXVALUE
    CACHE 1
);


--
-- TOC entry 232 (class 1259 OID 18160)
-- Name: security_user_user_permissions; Type: TABLE; Schema: public; Owner: postgres
--

CREATE TABLE public.security_user_user_permissions (
    id bigint NOT NULL,
    user_id bigint NOT NULL,
    permission_id integer NOT NULL
);


ALTER TABLE public.security_user_user_permissions OWNER TO postgres;

--
-- TOC entry 231 (class 1259 OID 18159)
-- Name: security_user_user_permissions_id_seq; Type: SEQUENCE; Schema: public; Owner: postgres
--

ALTER TABLE public.security_user_user_permissions ALTER COLUMN id ADD GENERATED BY DEFAULT AS IDENTITY (
    SEQUENCE NAME public.security_user_user_permissions_id_seq
    START WITH 1
    INCREMENT BY 1
    NO MINVALUE
    NO MAXVALUE
    CACHE 1
);


--
-- TOC entry 5310 (class 0 OID 18093)
-- Dependencies: 222
-- Data for Name: auth_group; Type: TABLE DATA; Schema: public; Owner: postgres
--

COPY public.auth_group (id, name) FROM stdin;
1	Admin
3	User
\.


--
-- TOC entry 5312 (class 0 OID 18101)
-- Dependencies: 224
-- Data for Name: auth_group_permissions; Type: TABLE DATA; Schema: public; Owner: postgres
--

COPY public.auth_group_permissions (id, group_id, permission_id) FROM stdin;
1	1	1
2	1	2
3	1	3
4	1	4
5	1	5
6	1	6
7	1	7
8	1	8
9	1	9
10	1	10
11	1	11
12	1	12
13	1	13
14	1	14
15	1	15
16	1	16
17	1	17
18	1	18
19	1	19
20	1	20
21	1	21
22	1	22
23	1	23
24	1	24
25	1	25
26	1	26
27	1	27
28	1	28
29	1	29
30	1	30
31	1	31
32	1	32
33	1	33
34	1	34
35	1	35
36	1	36
37	1	37
38	1	38
39	1	39
40	1	40
41	1	41
42	1	42
43	1	43
44	1	44
45	1	45
46	1	46
47	1	47
48	1	48
49	1	49
50	1	50
51	1	51
52	1	52
53	1	53
54	1	54
55	1	55
56	1	56
57	1	57
58	1	58
59	1	59
60	1	60
61	1	61
62	1	62
63	1	63
64	1	64
65	1	65
66	1	66
67	1	67
68	1	68
69	1	69
70	1	70
71	1	71
72	1	72
73	1	73
74	1	74
75	1	75
76	1	76
77	1	77
78	1	78
79	1	79
80	1	80
81	1	81
82	1	82
83	1	83
84	1	84
85	1	85
86	1	86
87	1	87
88	1	88
89	1	89
90	1	90
91	1	91
92	1	92
93	1	93
94	1	94
95	1	95
96	1	96
97	1	97
98	1	98
99	1	99
100	1	100
101	1	101
102	1	102
103	1	103
104	1	104
105	1	105
106	1	106
107	1	107
108	1	108
109	1	109
110	1	110
111	1	111
112	1	112
113	1	113
114	1	114
115	1	115
116	1	116
117	1	117
118	1	118
119	1	119
120	1	120
121	1	121
122	1	122
128	3	29
129	3	118
130	3	115
\.


--
-- TOC entry 5308 (class 0 OID 18087)
-- Dependencies: 220
-- Data for Name: auth_permission; Type: TABLE DATA; Schema: public; Owner: postgres
--

COPY public.auth_permission (id, name, content_type_id, codename) FROM stdin;
1	Can add log entry	1	add_logentry
2	Can change log entry	1	change_logentry
3	Can delete log entry	1	delete_logentry
4	Can view log entry	1	view_logentry
5	Can add permission	2	add_permission
6	Can change permission	2	change_permission
7	Can delete permission	2	delete_permission
8	Can view permission	2	view_permission
9	Can add group	3	add_group
10	Can change group	3	change_group
11	Can delete group	3	delete_group
12	Can view group	3	view_group
13	Can add content type	4	add_contenttype
14	Can change content type	4	change_contenttype
15	Can delete content type	4	delete_contenttype
16	Can view content type	4	view_contenttype
17	Can add session	5	add_session
18	Can change session	5	change_session
19	Can delete session	5	delete_session
20	Can view session	5	view_session
21	Can add Menu	6	add_menu
22	Can change Menu	6	change_menu
23	Can delete Menu	6	delete_menu
24	Can view Menu	6	view_menu
25	Can add Usuario	7	add_user
26	Can change Usuario	7	change_user
27	Can delete Usuario	7	delete_user
28	Can view Usuario	7	view_user
29	Cambiar perfil de Usuario	7	change_userprofile
30	Cambiar contraseña de Usuario	7	change_userpassword
31	Can add Módulo	8	add_module
32	Can change Módulo	8	change_module
33	Can delete Módulo	8	delete_module
34	Can view Módulo	8	view_module
35	Can add Grupo módulo permiso	9	add_groupmodulepermission
36	Can change Grupo módulo permiso	9	change_groupmodulepermission
37	Can delete Grupo módulo permiso	9	delete_groupmodulepermission
38	Can view Grupo módulo permiso	9	view_groupmodulepermission
39	Can add Auditoria Usuario 	10	add_audituser
40	Can change Auditoria Usuario 	10	change_audituser
41	Can delete Auditoria Usuario 	10	delete_audituser
42	Can view Auditoria Usuario 	10	view_audituser
43	Can add Cargo	11	add_cargo
44	Can change Cargo	11	change_cargo
45	Can delete Cargo	11	delete_cargo
46	Can view Cargo	11	view_cargo
47	Can add Diagnóstico	12	add_diagnostico
48	Can change Diagnóstico	12	change_diagnostico
49	Can delete Diagnóstico	12	delete_diagnostico
50	Can view Diagnóstico	12	view_diagnostico
51	Can add Especialidad médica	13	add_especialidad
52	Can change Especialidad médica	13	change_especialidad
53	Can delete Especialidad médica	13	delete_especialidad
54	Can view Especialidad médica	13	view_especialidad
55	Can add Marca de Medicamento	14	add_marcamedicamento
56	Can change Marca de Medicamento	14	change_marcamedicamento
57	Can delete Marca de Medicamento	14	delete_marcamedicamento
58	Can view Marca de Medicamento	14	view_marcamedicamento
59	Can add Tipo de Medicamento	15	add_tipomedicamento
60	Can change Tipo de Medicamento	15	change_tipomedicamento
61	Can delete Tipo de Medicamento	15	delete_tipomedicamento
62	Can view Tipo de Medicamento	15	view_tipomedicamento
63	Can add Tipo de Sangre	16	add_tiposangre
64	Can change Tipo de Sangre	16	change_tiposangre
65	Can delete Tipo de Sangre	16	delete_tiposangre
66	Can view Tipo de Sangre	16	view_tiposangre
67	Can add Empleado	17	add_empleado
68	Can change Empleado	17	change_empleado
69	Can delete Empleado	17	delete_empleado
70	Can view Empleado	17	view_empleado
71	Can add Doctor	18	add_doctor
72	Can change Doctor	18	change_doctor
73	Can delete Doctor	18	delete_doctor
74	Can view Doctor	18	view_doctor
75	Can add Medicamento	19	add_medicamento
76	Can change Medicamento	19	change_medicamento
77	Can delete Medicamento	19	delete_medicamento
78	Can view Medicamento	19	view_medicamento
79	Can add Paciente	20	add_paciente
80	Can change Paciente	20	change_paciente
81	Can delete Paciente	20	delete_paciente
82	Can view Paciente	20	view_paciente
83	Can add Tipo de Gasto	21	add_tipogasto
84	Can change Tipo de Gasto	21	change_tipogasto
85	Can delete Tipo de Gasto	21	delete_tipogasto
86	Can view Tipo de Gasto	21	view_tipogasto
87	Can add Foto del Paciente	22	add_fotopaciente
88	Can change Foto del Paciente	22	change_fotopaciente
89	Can delete Foto del Paciente	22	delete_fotopaciente
90	Can view Foto del Paciente	22	view_fotopaciente
91	Can add Gasto Mensual	23	add_gastomensual
92	Can change Gasto Mensual	23	change_gastomensual
93	Can delete Gasto Mensual	23	delete_gastomensual
94	Can view Gasto Mensual	23	view_gastomensual
95	Can add Servicio Adicional	24	add_serviciosadicionales
96	Can change Servicio Adicional	24	change_serviciosadicionales
97	Can delete Servicio Adicional	24	delete_serviciosadicionales
98	Can view Servicio Adicional	24	view_serviciosadicionales
99	Can add Atención Médica	25	add_atencion
100	Can change Atención Médica	25	change_atencion
101	Can delete Atención Médica	25	delete_atencion
102	Can view Atención Médica	25	view_atencion
103	Can add Detalle de Atención	26	add_detalleatencion
104	Can change Detalle de Atención	26	change_detalleatencion
105	Can delete Detalle de Atención	26	delete_detalleatencion
106	Can view Detalle de Atención	26	view_detalleatencion
107	Can add Pago	27	add_pago
108	Can change Pago	27	change_pago
109	Can delete Pago	27	delete_pago
110	Can view Pago	27	view_pago
111	Can add Detalle de Pago	28	add_detallepago
112	Can change Detalle de Pago	28	change_detallepago
113	Can delete Detalle de Pago	28	delete_detallepago
114	Can view Detalle de Pago	28	view_detallepago
115	Can add Cita Médica	29	add_citamedica
116	Can change Cita Médica	29	change_citamedica
117	Can delete Cita Médica	29	delete_citamedica
118	Can view Cita Médica	29	view_citamedica
119	Can add Horario de Atención	30	add_horarioatencion
120	Can change Horario de Atención	30	change_horarioatencion
121	Can delete Horario de Atención	30	delete_horarioatencion
122	Can view Horario de Atención	30	view_horarioatencion
\.


--
-- TOC entry 5335 (class 0 OID 25674)
-- Dependencies: 247
-- Data for Name: core_cargo; Type: TABLE DATA; Schema: public; Owner: postgres
--

COPY public.core_cargo (id, nombre, descripcion, activo) FROM stdin;
1	Enfermero	Enfermero...	t
2	a	a	t
\.


--
-- TOC entry 5337 (class 0 OID 25684)
-- Dependencies: 249
-- Data for Name: core_diagnostico; Type: TABLE DATA; Schema: public; Owner: postgres
--

COPY public.core_diagnostico (id, codigo, descripcion, datos_adicionales, activo) FROM stdin;
1	001	Gripe	qweqw	t
\.


--
-- TOC entry 5349 (class 0 OID 25740)
-- Dependencies: 261
-- Data for Name: core_doctor; Type: TABLE DATA; Schema: public; Owner: postgres
--

COPY public.core_doctor (id, nombres, apellidos, ruc, fecha_nacimiento, direccion, latitud, longitud, codigo_unico_doctor, telefonos, email, horario_atencion, curriculum, firma_digital, foto, imagen_receta, activo, duracion_atencion) FROM stdin;
1	Olmess	Galeas	0103456789001	2023-02-02	bucay	\N	\N	12312431214	93231232	Olmes@gmail.com	lunes					t	30
\.


--
-- TOC entry 5351 (class 0 OID 25754)
-- Dependencies: 263
-- Data for Name: core_doctor_especialidad; Type: TABLE DATA; Schema: public; Owner: postgres
--

COPY public.core_doctor_especialidad (id, doctor_id, especialidad_id) FROM stdin;
1	1	1
\.


--
-- TOC entry 5347 (class 0 OID 25732)
-- Dependencies: 259
-- Data for Name: core_empleado; Type: TABLE DATA; Schema: public; Owner: postgres
--

COPY public.core_empleado (id, nombres, apellidos, cedula_ecuatoriana, dni, fecha_nacimiento, sueldo, fecha_ingreso, direccion, latitud, longitud, foto, activo, cargo_id) FROM stdin;
1	new	alsonew	0102695937	\N	2025-07-04	111.00	2025-07-06	AV. PANAMERICANA NORTE, NARANJAL, ECUADOR	\N	\N		t	1
\.


--
-- TOC entry 5339 (class 0 OID 25694)
-- Dependencies: 251
-- Data for Name: core_especialidad; Type: TABLE DATA; Schema: public; Owner: postgres
--

COPY public.core_especialidad (id, nombre, descripcion, activo) FROM stdin;
1	Cardiología	cardio	t
\.


--
-- TOC entry 5359 (class 0 OID 25842)
-- Dependencies: 271
-- Data for Name: core_fotopaciente; Type: TABLE DATA; Schema: public; Owner: postgres
--

COPY public.core_fotopaciente (id, imagen, descripcion, fecha_subida, paciente_id) FROM stdin;
\.


--
-- TOC entry 5361 (class 0 OID 25850)
-- Dependencies: 273
-- Data for Name: core_gastomensual; Type: TABLE DATA; Schema: public; Owner: postgres
--

COPY public.core_gastomensual (id, fecha, valor, observacion, tipo_gasto_id) FROM stdin;
1	2025-07-05	100.00	Bueno	1
2	2025-07-09	20.00	a	1
\.


--
-- TOC entry 5341 (class 0 OID 25704)
-- Dependencies: 253
-- Data for Name: core_marcamedicamento; Type: TABLE DATA; Schema: public; Owner: postgres
--

COPY public.core_marcamedicamento (id, nombre, descripcion, activo) FROM stdin;
1	GenéricosS.A	Genéricos	t
\.


--
-- TOC entry 5353 (class 0 OID 25760)
-- Dependencies: 265
-- Data for Name: core_medicamento; Type: TABLE DATA; Schema: public; Owner: postgres
--

COPY public.core_medicamento (id, nombre, descripcion, concentracion, via_administracion, cantidad, precio, comercial, activo, marca_medicamento_id, tipo_id, foto) FROM stdin;
1	Paracetamol	Paracetamol	500mg	oral	100	1.15	t	t	1	1	
\.


--
-- TOC entry 5355 (class 0 OID 25771)
-- Dependencies: 267
-- Data for Name: core_paciente; Type: TABLE DATA; Schema: public; Owner: postgres
--

COPY public.core_paciente (id, nombres, apellidos, cedula_ecuatoriana, dni, fecha_nacimiento, telefono, email, sexo, estado_civil, direccion, latitud, longitud, foto, antecedentes_personales, antecedentes_quirurgicos, antecedentes_familiares, alergias, medicamentos_actuales, habitos_toxicos, vacunas, antecedentes_gineco_obstetricos, activo, tipo_sangre_id) FROM stdin;
1	Olmess	Galeas	1312231232	\N	1999-01-01	93231232	Olmes@gmail.com	masculino	soltero	bucay	\N	\N							ninguno			t	1
2	Edwin	Pastor	23123213	\N	2002-12-26	0991383950	pastoredwin_777@hotmail.com	masculino	soltero	Ecudor	\N	\N							ninguno			t	1
3	Edwinn	Pastor	0302553813	\N	2025-07-04	0991383950	pastoredwi777@hotmail.com	masculino	soltero	Ecudor	\N	\N							ninguno			t	1
4	qweqwe	qweqwe	0302553813	\N	2025-07-03	092108301	gogettagamer77@gmail.com	MASCULINO	CASADO	La Troncal	\N	\N		\N	\N	\N	\N	\N	ninguno	\N	\N	t	3
\.


--
-- TOC entry 5357 (class 0 OID 25830)
-- Dependencies: 269
-- Data for Name: core_tipogasto; Type: TABLE DATA; Schema: public; Owner: postgres
--

COPY public.core_tipogasto (id, nombre, descripcion, activo) FROM stdin;
1	Servicios Básicos	Servicios Básicos.....	t
\.


--
-- TOC entry 5343 (class 0 OID 25714)
-- Dependencies: 255
-- Data for Name: core_tipomedicamento; Type: TABLE DATA; Schema: public; Owner: postgres
--

COPY public.core_tipomedicamento (id, nombre, descripcion, activo) FROM stdin;
1	Paracetamol	Paracetamol	t
\.


--
-- TOC entry 5345 (class 0 OID 25724)
-- Dependencies: 257
-- Data for Name: core_tiposangre; Type: TABLE DATA; Schema: public; Owner: postgres
--

COPY public.core_tiposangre (id, tipo, descripcion) FROM stdin;
1	A+	A+
3	O+	O+
\.


--
-- TOC entry 5330 (class 0 OID 18275)
-- Dependencies: 242
-- Data for Name: django_admin_log; Type: TABLE DATA; Schema: public; Owner: postgres
--

COPY public.django_admin_log (id, action_time, object_id, object_repr, action_flag, change_message, content_type_id, user_id) FROM stdin;
1	2025-07-03 11:18:10.396958-05	1	Admin	1	[{"added": {}}]	3	1
2	2025-07-03 11:18:49.511621-05	1	Admin	2	[]	3	1
3	2025-07-03 11:36:42.76559-05	1	admin@gmail.com	2	[{"changed": {"fields": ["First name", "Groups", "User permissions"]}}]	7	1
4	2025-07-03 14:30:45.469477-05	1	Opciones Avanzadas	1	[{"added": {}}]	6	1
5	2025-07-03 14:34:03.730708-05	1	Datos Clínicos	2	[{"changed": {"fields": ["Nombre", "Icono"]}}]	6	1
6	2025-07-03 14:35:21.27257-05	1	Tipos Sangre [core/tipo-sangre/]	1	[{"added": {}}]	8	1
7	2025-07-03 14:35:39.267429-05	1	Tipos Sangre - Admin	1	[{"added": {}}]	9	1
8	2025-07-03 14:36:12.354686-05	1	Tipos Sangre [core/tipo-sangre/]	2	[{"changed": {"fields": ["Icono"]}}]	8	1
9	2025-07-03 14:44:44.629815-05	2	Tipos de Especialidades [core/especialidad/]	1	[{"added": {}}]	8	1
10	2025-07-03 14:45:17.421748-05	2	Tipos de Especialidades - Admin	1	[{"added": {}}]	9	1
11	2025-07-03 14:50:35.890998-05	3	Doctores [core/doctor/]	1	[{"added": {}}]	8	1
12	2025-07-03 14:50:45.173112-05	3	Doctores [core/doctor/]	2	[]	8	1
13	2025-07-03 14:51:06.353321-05	3	Doctores - Admin	1	[{"added": {}}]	9	1
14	2025-07-03 14:54:15.944256-05	4	Medicamentos [core/medicamento/]	1	[{"added": {}}]	8	1
15	2025-07-03 14:54:34.023827-05	4	Medicamentos - Admin	1	[{"added": {}}]	9	1
16	2025-07-03 14:56:42.069116-05	5	Diagnósticos [core/diagnostico/]	1	[{"added": {}}]	8	1
17	2025-07-03 14:56:57.82927-05	5	Diagnósticos - Admin	1	[{"added": {}}]	9	1
18	2025-07-03 15:04:58.80279-05	6	Cargos [core/cargo/]	1	[{"added": {}}]	8	1
19	2025-07-03 15:05:13.569226-05	6	Cargos - Admin	1	[{"added": {}}]	9	1
20	2025-07-03 15:07:07.690799-05	7	Empleados [core/empleado/]	1	[{"added": {}}]	8	1
21	2025-07-03 15:07:31.108678-05	7	Empleados - Admin	1	[{"added": {}}]	9	1
22	2025-07-03 15:11:05.011917-05	8	Tipo de Medicamento [core/tipo-medicamento/]	1	[{"added": {}}]	8	1
23	2025-07-03 15:11:45.850278-05	8	Tipo de Medicamento - Admin	1	[{"added": {}}]	9	1
24	2025-07-03 15:12:11.346966-05	8	Tipo de Medicamento [core/tipo-medicamento/]	2	[{"changed": {"fields": ["Orden"]}}]	8	1
25	2025-07-03 15:13:49.837157-05	9	Marca Medicamento [core/marca-medicamento/]	1	[{"added": {}}]	8	1
26	2025-07-03 15:14:11.184243-05	9	Marca Medicamento - Admin	1	[{"added": {}}]	9	1
27	2025-07-03 15:18:49.487767-05	10	Tipos de Gasto [core/tipo-gasto/]	1	[{"added": {}}]	8	1
28	2025-07-03 15:19:04.303476-05	10	Tipos de Gasto - Admin	1	[{"added": {}}]	9	1
29	2025-07-03 15:20:49.283739-05	11	Gastos Mensuales [core/gasto-mensual/]	1	[{"added": {}}]	8	1
30	2025-07-03 15:21:17.129188-05	11	Gastos Mensuales - Admin	1	[{"added": {}}]	9	1
31	2025-07-03 20:38:17.596705-05	2	Consultas	1	[{"added": {}}]	6	1
32	2025-07-03 20:38:50.455134-05	12	Atención [doctor/atencion_list/]	1	[{"added": {}}]	8	1
33	2025-07-03 20:39:13.140274-05	12	Atención - Admin	1	[{"added": {}}]	9	1
34	2025-07-03 20:40:27.21035-05	2	Tipos de Especialidades [core/especialidad/]	2	[{"changed": {"fields": ["Orden"]}}]	8	1
35	2025-07-03 20:40:31.66989-05	1	Tipos Sangre [core/tipo-sangre/]	2	[{"changed": {"fields": ["Orden"]}}]	8	1
36	2025-07-03 20:40:36.366576-05	10	Tipos de Gasto [core/tipo-gasto/]	2	[{"changed": {"fields": ["Orden"]}}]	8	1
37	2025-07-03 20:40:40.911617-05	11	Gastos Mensuales [core/gasto-mensual/]	2	[{"changed": {"fields": ["Orden"]}}]	8	1
38	2025-07-03 20:40:45.592398-05	4	Medicamentos [core/medicamento/]	2	[{"changed": {"fields": ["Orden"]}}]	8	1
39	2025-07-03 20:40:49.881385-05	7	Empleados [core/empleado/]	2	[{"changed": {"fields": ["Orden"]}}]	8	1
40	2025-07-03 20:40:54.666764-05	3	Doctores [core/doctor/]	2	[{"changed": {"fields": ["Orden"]}}]	8	1
41	2025-07-03 20:40:59.981731-05	5	Diagnósticos [core/diagnostico/]	2	[{"changed": {"fields": ["Orden"]}}]	8	1
42	2025-07-03 20:41:07.414525-05	5	Diagnósticos [core/diagnostico/]	2	[{"changed": {"fields": ["Orden"]}}]	8	1
43	2025-07-03 20:41:19.61206-05	5	Diagnósticos [core/diagnostico/]	2	[{"changed": {"fields": ["Orden"]}}]	8	1
44	2025-07-03 20:41:25.317086-05	6	Cargos [core/cargo/]	2	[{"changed": {"fields": ["Orden"]}}]	8	1
45	2025-07-03 20:41:40.498837-05	2	Consultas	2	[{"changed": {"fields": ["Orden"]}}]	6	1
46	2025-07-03 20:41:50.699068-05	1	Datos Clínicos	2	[{"changed": {"fields": ["Orden"]}}]	6	1
47	2025-07-03 20:41:53.821075-05	1	Datos Clínicos	2	[{"changed": {"fields": ["Orden"]}}]	6	1
48	2025-07-03 20:41:58.51542-05	2	Consultas	2	[{"changed": {"fields": ["Orden"]}}]	6	1
49	2025-07-03 20:42:17.216261-05	1	Datos Clínicos	2	[{"changed": {"fields": ["Orden"]}}]	6	1
50	2025-07-03 20:42:19.748144-05	1	Datos Clínicos	2	[]	6	1
51	2025-07-03 20:42:29.74131-05	1	Datos Clínicos	2	[{"changed": {"fields": ["Orden"]}}]	6	1
52	2025-07-03 20:44:30.73784-05	12	Atención [doctor/atencion_list/]	2	[{"changed": {"fields": ["Orden"]}}]	8	1
53	2025-07-03 20:44:43.986008-05	2	Consultas	2	[{"changed": {"fields": ["Orden"]}}]	6	1
54	2025-07-03 20:44:48.732741-05	2	Consultas	2	[{"changed": {"fields": ["Orden"]}}]	6	1
55	2025-07-03 20:53:09.630276-05	13	Cita Medica [doctor/cita-medica/]	1	[{"added": {}}]	8	1
56	2025-07-03 20:53:48.005855-05	13	Cita Medica - Admin	1	[{"added": {}}]	9	1
57	2025-07-03 20:53:59.339878-05	2	Consultas	2	[{"changed": {"fields": ["Orden"]}}]	6	1
58	2025-07-03 20:54:04.143461-05	1	Datos Clínicos	2	[{"changed": {"fields": ["Orden"]}}]	6	1
59	2025-07-03 20:54:34.311718-05	13	Cita Medica [doctor/cita-medica/]	2	[{"changed": {"fields": ["Orden"]}}]	8	1
60	2025-07-03 20:57:04.218314-05	14	Horario de Atención [doctor/horario-atencion/]	1	[{"added": {}}]	8	1
61	2025-07-03 21:00:55.321377-05	14	Horario de Atención - Admin	1	[{"added": {}}]	9	1
62	2025-07-03 21:07:00.684233-05	3	Servicios	1	[{"added": {}}]	6	1
63	2025-07-03 21:08:05.315463-05	15	Servicios Adicionales [doctor/servicios-adicionales/]	1	[{"added": {}}]	8	1
64	2025-07-03 21:09:17.961539-05	15	Servicios Adicionales - Admin	1	[{"added": {}}]	9	1
65	2025-07-03 21:10:25.443731-05	15	Servicios Adicionales [doctor/servicios-adicionales/]	2	[]	8	1
66	2025-07-03 21:10:49.208916-05	15	Servicios Adicionales [doctor/servicios-adicionales/]	2	[{"changed": {"fields": ["Icono"]}}]	8	1
67	2025-07-03 21:19:51.480243-05	16	Pago [doctor/pago/]	1	[{"added": {}}]	8	1
68	2025-07-03 21:20:18.33774-05	16	Pago - Admin	1	[{"added": {}}]	9	1
69	2025-07-03 21:29:18.110763-05	4	Seguridad	1	[{"added": {}}]	6	1
70	2025-07-03 21:30:29.105316-05	17	Módulos [security/module_list/]	1	[{"added": {}}]	8	1
71	2025-07-03 21:30:59.028481-05	17	Módulos - Admin	1	[{"added": {}}]	9	1
72	2025-07-03 21:34:39.214617-05	18	Menús [security/menu_list/]	1	[{"added": {}}]	8	1
73	2025-07-03 21:35:01.939923-05	17	Módulos [security/module_list/]	2	[{"changed": {"fields": ["Icono"]}}]	8	1
74	2025-07-03 21:35:22.593299-05	18	Menús - Admin	1	[{"added": {}}]	9	1
75	2025-07-03 21:38:49.92206-05	19	Grupo modulo permiso [security/group-module-permission/]	2	[{"changed": {"fields": ["Nombre", "Icono"]}}]	8	1
76	2025-07-03 21:39:25.420926-05	19	Grupo modulo permiso - Admin	1	[{"added": {}}]	9	1
77	2025-07-03 21:41:08.427693-05	20	Usuarios [security/user/]	1	[{"added": {}}]	8	1
78	2025-07-03 21:41:28.310357-05	20	Usuarios - Admin	1	[{"added": {}}]	9	1
79	2025-07-03 22:02:35.067753-05	21	Auditoría [security/audit-user/]	1	[{"added": {}}]	8	1
80	2025-07-03 22:02:53.920665-05	21	Auditoría - Admin	1	[{"added": {}}]	9	1
81	2025-07-04 12:52:09.056237-05	1	Paracetamol	1	[{"added": {}}]	15	1
82	2025-07-04 12:52:40.07037-05	1	GenéricosS.A	1	[{"added": {}}]	14	1
83	2025-07-04 12:53:24.529304-05	1	Paracetamol (Paracetamol)	1	[{"added": {}}]	19	1
84	2025-07-04 18:27:49.81847-05	3	Pastor, Edwinn	1	[{"added": {}}]	20	1
85	2025-07-04 18:29:25.303886-05	3	Pastor, Edwinn	2	[]	20	1
86	2025-07-04 20:29:28.070335-05	1	Galeas Olmess - 2025-07-02 12:00:00	2	[]	29	1
87	2025-07-04 21:34:39.10157-05	2	User	1	[{"added": {}}]	3	1
88	2025-07-04 21:36:18.44002-05	2	User	2	[{"changed": {"fields": ["Permissions"]}}]	3	1
89	2025-07-04 21:36:49.654406-05	2		1	[{"added": {}}]	7	1
90	2025-07-04 21:37:13.842602-05	2		3		7	1
91	2025-07-04 21:37:35.738066-05	3		1	[{"added": {}}]	7	1
92	2025-07-04 21:51:36.963087-05	2	User	3		3	1
\.


--
-- TOC entry 5306 (class 0 OID 18079)
-- Dependencies: 218
-- Data for Name: django_content_type; Type: TABLE DATA; Schema: public; Owner: postgres
--

COPY public.django_content_type (id, app_label, model) FROM stdin;
1	admin	logentry
2	auth	permission
3	auth	group
4	contenttypes	contenttype
5	sessions	session
6	security	menu
7	security	user
8	security	module
9	security	groupmodulepermission
10	security	audituser
11	core	cargo
12	core	diagnostico
13	core	especialidad
14	core	marcamedicamento
15	core	tipomedicamento
16	core	tiposangre
17	core	empleado
18	core	doctor
19	core	medicamento
20	core	paciente
21	core	tipogasto
22	core	fotopaciente
23	core	gastomensual
24	doctor	serviciosadicionales
25	doctor	atencion
26	doctor	detalleatencion
27	doctor	pago
28	doctor	detallepago
29	doctor	citamedica
30	doctor	horarioatencion
\.


--
-- TOC entry 5304 (class 0 OID 18071)
-- Dependencies: 216
-- Data for Name: django_migrations; Type: TABLE DATA; Schema: public; Owner: postgres
--

COPY public.django_migrations (id, app, name, applied) FROM stdin;
1	contenttypes	0001_initial	2025-07-03 11:10:25.482341-05
2	contenttypes	0002_remove_content_type_name	2025-07-03 11:10:25.48834-05
3	auth	0001_initial	2025-07-03 11:10:25.537688-05
4	auth	0002_alter_permission_name_max_length	2025-07-03 11:10:25.542286-05
5	auth	0003_alter_user_email_max_length	2025-07-03 11:10:25.54717-05
6	auth	0004_alter_user_username_opts	2025-07-03 11:10:25.551199-05
7	auth	0005_alter_user_last_login_null	2025-07-03 11:10:25.554718-05
8	auth	0006_require_contenttypes_0002	2025-07-03 11:10:25.555717-05
9	auth	0007_alter_validators_add_error_messages	2025-07-03 11:10:25.560224-05
10	auth	0008_alter_user_username_max_length	2025-07-03 11:10:25.563749-05
11	auth	0009_alter_user_last_name_max_length	2025-07-03 11:10:25.56817-05
12	auth	0010_alter_group_name_max_length	2025-07-03 11:10:25.574381-05
13	auth	0011_update_proxy_permissions	2025-07-03 11:10:25.578475-05
14	auth	0012_alter_user_first_name_max_length	2025-07-03 11:10:25.582501-05
15	security	0001_initial	2025-07-03 11:10:25.716782-05
16	admin	0001_initial	2025-07-03 11:10:25.741025-05
17	admin	0002_logentry_remove_auto_add	2025-07-03 11:10:25.747552-05
18	admin	0003_logentry_add_action_flag_choices	2025-07-03 11:10:25.751362-05
28	security	0002_audituser	2025-07-03 11:10:26.373819-05
29	security	0003_alter_audituser_accion	2025-07-03 11:10:26.381102-05
30	sessions	0001_initial	2025-07-03 11:10:26.395931-05
40	core	0001_initial	2025-07-04 12:35:37.885576-05
41	core	0002_tipogasto_remove_doctor_duracion_cita_and_more	2025-07-04 12:35:37.956671-05
42	core	0003_alter_doctor_ruc_alter_paciente_cedula_ecuatoriana	2025-07-04 12:35:37.962671-05
43	doctor	0001_initial	2025-07-04 12:35:37.994088-05
44	doctor	0002_delete_diagnosis_delete_patient	2025-07-04 12:35:37.999131-05
45	doctor	0003_initial	2025-07-04 12:35:38.227403-05
46	doctor	0004_detallepago_aplica_seguro_and_more	2025-07-04 12:35:38.29079-05
47	doctor	0005_remove_atencion_doctor_and_more	2025-07-04 12:35:38.358114-05
48	doctor	0006_facturacionmedica	2025-07-04 12:35:38.392106-05
49	doctor	0007_delete_facturacionmedica	2025-07-04 12:35:38.394617-05
50	doctor	0008_atencion_cita_atencion_doctor_citamedica_doctor_and_more	2025-07-04 12:35:38.464052-05
\.


--
-- TOC entry 5333 (class 0 OID 18695)
-- Dependencies: 245
-- Data for Name: django_session; Type: TABLE DATA; Schema: public; Owner: postgres
--

COPY public.django_session (session_key, session_data, expire_date) FROM stdin;
0ptshfypv8y6otesk0edwgikwlfde69s	.eJxVjssOwiAURP-FtSG8BOrSvd_QcO-FUjXQtGVl_Hdb04Vu58yczIv1oa25b0uc-5HYhUl2-s0g4COWHdA9lKFyrGWdR-B7hR904bdK8Xk9un-CHJa8rU1IkhQkl4z0ZFGA01Z51zmtkvMKwFtE0GDE2SBFSlEZStpCJ1CB3aTDXNv0PSnfH-ffPJk:1uXxes:tbG-Jfz31_8ezQS3EvqdUn_7fsZOZDyUzIhD9ftD_60	2025-07-19 02:50:02.437976-05
\.


--
-- TOC entry 5365 (class 0 OID 25904)
-- Dependencies: 277
-- Data for Name: doctor_atencion; Type: TABLE DATA; Schema: public; Owner: postgres
--

COPY public.doctor_atencion (id, fecha_atencion, presion_arterial, pulso, temperatura, frecuencia_respiratoria, saturacion_oxigeno, peso, altura, motivo_consulta, sintomas, tratamiento, examen_fisico, examenes_enviados, comentario_adicional, es_control, paciente_id, cita_id, doctor_id) FROM stdin;
1	2025-07-04 12:54:40.885644-05		\N	\N	\N	\N	\N	\N	Gripe 	Fiebre 	Descanso 	Normal 	asd	N/A	f	1	\N	1
\.


--
-- TOC entry 5367 (class 0 OID 25914)
-- Dependencies: 279
-- Data for Name: doctor_atencion_diagnostico; Type: TABLE DATA; Schema: public; Owner: postgres
--

COPY public.doctor_atencion_diagnostico (id, atencion_id, diagnostico_id) FROM stdin;
1	1	1
\.


--
-- TOC entry 5375 (class 0 OID 25946)
-- Dependencies: 287
-- Data for Name: doctor_citamedica; Type: TABLE DATA; Schema: public; Owner: postgres
--

COPY public.doctor_citamedica (id, fecha, hora_cita, estado, observaciones, paciente_id, doctor_id) FROM stdin;
11	2025-07-04	21:03:00	disponible		1	1
13	2025-07-04	22:05:00	completada		1	1
\.


--
-- TOC entry 5369 (class 0 OID 25920)
-- Dependencies: 281
-- Data for Name: doctor_detalleatencion; Type: TABLE DATA; Schema: public; Owner: postgres
--

COPY public.doctor_detalleatencion (id, cantidad, prescripcion, duracion_tratamiento, frecuencia_diaria, atencion_id, medicamento_id) FROM stdin;
3	1	1 cada 1	2	3	1	1
\.


--
-- TOC entry 5373 (class 0 OID 25939)
-- Dependencies: 285
-- Data for Name: doctor_detallepago; Type: TABLE DATA; Schema: public; Owner: postgres
--

COPY public.doctor_detallepago (id, cantidad, precio_unitario, subtotal, descuento_porcentaje, pago_id, servicio_adicional_id, aplica_seguro, descripcion_seguro, valor_seguro) FROM stdin;
1	1	20.00	20.00	0.00	1	1	f	\N	\N
\.


--
-- TOC entry 5377 (class 0 OID 25954)
-- Dependencies: 289
-- Data for Name: doctor_horarioatencion; Type: TABLE DATA; Schema: public; Owner: postgres
--

COPY public.doctor_horarioatencion (id, dia_semana, hora_inicio, hora_fin, intervalo_desde, intervalo_hasta, activo, doctor_id) FROM stdin;
1	lunes	06:00:00	22:00:00	00:30:00	01:00:00	t	1
2	martes	22:47:00	00:47:00	00:30:00	05:00:00	t	1
3	martes	00:50:00	23:47:00	02:47:00	10:47:00	t	1
4	miércoles	01:47:00	01:47:00	08:48:00	13:47:00	t	1
5	viernes	02:48:00	14:48:00	14:48:00	15:48:00	t	1
6	viernes	14:48:00	14:48:00	23:50:00	09:48:00	t	1
7	sábado	02:48:00	02:48:00	03:48:00	17:48:00	t	1
\.


--
-- TOC entry 5371 (class 0 OID 25931)
-- Dependencies: 283
-- Data for Name: doctor_pago; Type: TABLE DATA; Schema: public; Owner: postgres
--

COPY public.doctor_pago (id, metodo_pago, monto_total, estado, fecha_pago, fecha_creacion, nombre_pagador, referencia_externa, evidencia_pago, observaciones, activo, atencion_id) FROM stdin;
1	paypal	20.00	pagado	2025-07-05 00:13:00-05	2025-07-05 00:14:00.495322-05	Olmes	12323			t	1
\.


--
-- TOC entry 5363 (class 0 OID 25896)
-- Dependencies: 275
-- Data for Name: doctor_serviciosadicionales; Type: TABLE DATA; Schema: public; Owner: postgres
--

COPY public.doctor_serviciosadicionales (id, nombre_servicio, costo_servicio, descripcion, activo) FROM stdin;
1	Cita	20.00	Cita 20 minutos	t
\.


--
-- TOC entry 5332 (class 0 OID 18684)
-- Dependencies: 244
-- Data for Name: security_audituser; Type: TABLE DATA; Schema: public; Owner: postgres
--

COPY public.security_audituser (id, tabla, registroid, accion, fecha, hora, estacion, usuario_id) FROM stdin;
1	Atencion	1	ADICION	2025-07-04	17:54:40.902264	127.0.0.1	1
2	Atencion	1	MODIFICACION	2025-07-04	19:42:27.037498	127.0.0.1	1
3	Atencion	1	MODIFICACION	2025-07-04	19:59:42.599896	127.0.0.1	1
\.


--
-- TOC entry 5326 (class 0 OID 18183)
-- Dependencies: 238
-- Data for Name: security_groupmodulepermission; Type: TABLE DATA; Schema: public; Owner: postgres
--

COPY public.security_groupmodulepermission (id, group_id, module_id) FROM stdin;
1	1	1
2	1	2
3	1	3
4	1	4
5	1	5
6	1	6
7	1	7
8	1	8
9	1	9
10	1	10
11	1	11
14	1	14
15	1	15
16	1	16
17	1	17
18	1	18
19	1	19
20	1	20
21	1	21
22	1	22
13	1	13
23	1	12
24	3	12
\.


--
-- TOC entry 5328 (class 0 OID 18191)
-- Dependencies: 240
-- Data for Name: security_groupmodulepermission_permissions; Type: TABLE DATA; Schema: public; Owner: postgres
--

COPY public.security_groupmodulepermission_permissions (id, groupmodulepermission_id, permission_id) FROM stdin;
1	1	64
2	1	65
3	1	66
4	1	63
5	2	51
6	2	52
7	2	53
8	2	54
9	3	72
10	3	73
11	3	74
12	3	71
13	4	75
14	4	76
15	4	77
16	4	78
17	5	48
18	5	49
19	5	50
20	5	47
21	6	43
22	6	44
23	6	45
24	6	46
25	7	67
26	7	68
27	7	69
28	7	70
29	8	59
30	8	60
31	8	61
32	8	62
33	9	56
34	9	57
35	9	58
36	9	55
37	10	83
38	10	84
39	10	85
40	10	86
41	11	91
42	11	92
43	11	93
44	11	94
49	13	115
50	13	116
51	13	117
52	13	118
53	14	120
54	14	121
55	14	122
56	14	119
57	15	96
58	15	97
59	15	98
60	15	95
61	16	107
62	16	108
63	16	109
64	16	110
65	17	32
66	17	33
67	17	34
68	17	31
69	18	24
70	18	21
71	18	22
72	18	23
73	19	35
74	19	36
75	19	37
76	19	38
77	20	25
78	20	26
79	20	27
80	20	28
81	20	29
82	20	30
83	21	40
84	21	41
85	21	42
86	21	39
87	22	80
88	22	81
89	22	82
90	22	79
91	23	99
92	23	100
93	23	101
94	23	102
95	24	99
96	24	100
97	24	101
98	24	102
\.


--
-- TOC entry 5314 (class 0 OID 18133)
-- Dependencies: 226
-- Data for Name: security_menu; Type: TABLE DATA; Schema: public; Owner: postgres
--

COPY public.security_menu (id, name, icon, "order") FROM stdin;
3	Servicios	bi bi-box-seam	7
2	Consultas	bi bi-calendar-check-fill	1
5	Farmacia	bi bi-prescription2	4
6	Administrativo	bi bi-building	5
4	Seguridad	bi bi-shield-lock	6
7	Financiero	bi bi-cash-stack	5
1	Datos clínicos	bi bi-journal-text	2
\.


--
-- TOC entry 5322 (class 0 OID 18166)
-- Dependencies: 234
-- Data for Name: security_module; Type: TABLE DATA; Schema: public; Owner: postgres
--

COPY public.security_module (id, url, name, description, icon, is_active, "order", menu_id) FROM stdin;
2	core/especialidad/	Tipos de Especialidades	Gestiona Especialidades...	bi bi-person-badge	t	5	1
1	core/tipo-sangre/	Tipos Sangre	Tipos de sangre registrados...	bi bi-droplet-fill	t	5	1
3	core/doctor/	Doctores	Gestión de Doctores	bi bi-person-vcard-fill	t	5	1
5	core/diagnostico/	Diagnósticos	Gestiona diagnósticos...	bi bi-clipboard2-pulse	t	5	1
14	doctor/horario-atencion/	Horario de Atención	Horario de Atención...	bi bi-calendar-week	t	1	2
18	security/menu_list/	Menús	Gestiona  los menus de la home page	bi bi-ui-checks-grid	t	0	4
17	security/module_list/	Módulos	Crea y Edita Módulos	bi bi-grid-3x3-gap-fill	t	0	4
19	security/group-module-permission/	Grupo modulo permiso	Gestiona Grupo modulo permiso	bi bi-key-fill	t	0	4
20	security/user/	Usuarios	Gestiona Usuarios...	bi bi-person-lock	t	0	4
21	security/audit-user/	Auditoría	Ver Auditoría	bi bi-shield-check	t	0	4
4	core/medicamento/	Medicamentos	Medicamentos disponibles	bi bi-capsule	t	5	5
8	core/tipo-medicamento/	Tipo de medicamento	Gestiona Tipo de Medicamento	bi bi-box-seam	t	5	5
9	core/marca-medicamento/	Marca medicamento	Gestiona  las Marca Medicamento...	bi bi-bag-plus	t	5	5
7	core/empleado/	Empleados	Gestiona Empleados....	bi bi-person-lines-fill	t	5	6
6	core/cargo/	Cargos	Gestiona Cargos...	bi bi-person-workspace	t	5	6
10	core/tipo-gasto/	Tipos de gasto	Tipos de Gastos...	bi bi-cash-stack	t	5	7
11	core/gasto-mensual/	Gastos mensuales	Gastos Mensuales...	bi bi-cash-coin	t	5	7
16	doctor/pago/	Pago	Pago	bi bi-credit-card	t	0	7
15	doctor/servicios-adicionales/	Servicios adicionales	Servicios Adicionales...	bi bi-clipboard2-pulse	t	7	7
22	core/paciente/	Paciente	Paciente	bi bi-person	t	0	1
13	doctor/cita-medica/	Cita medica	Cita Medica	bi bi-calendar-check-fill	t	1	2
12	doctor/atencion_list/	Atención	Atención	bi bi-clipboard2-pulse	t	0	2
\.


--
-- TOC entry 5324 (class 0 OID 18177)
-- Dependencies: 236
-- Data for Name: security_module_permissions; Type: TABLE DATA; Schema: public; Owner: postgres
--

COPY public.security_module_permissions (id, module_id, permission_id) FROM stdin;
1	1	64
2	1	65
3	1	66
4	1	63
5	2	51
6	2	52
7	2	53
8	2	54
9	3	72
10	3	73
11	3	74
12	3	71
13	4	75
14	4	76
15	4	77
16	4	78
17	5	48
18	5	49
19	5	50
20	5	47
21	6	43
22	6	44
23	6	45
24	6	46
25	7	67
26	7	68
27	7	69
28	7	70
29	8	59
30	8	60
31	8	61
32	8	62
33	9	56
34	9	57
35	9	58
36	9	55
37	10	83
38	10	84
39	10	85
40	10	86
41	11	91
42	11	92
43	11	93
44	11	94
45	12	99
46	12	100
47	12	101
48	12	102
49	13	115
50	13	116
51	13	117
52	13	118
53	14	120
54	14	121
55	14	122
56	14	119
57	15	96
58	15	97
59	15	98
60	15	95
61	16	107
62	16	108
63	16	109
64	16	110
65	17	32
66	17	33
67	17	34
68	17	31
69	18	24
70	18	21
71	18	22
72	18	23
73	19	35
74	19	36
75	19	37
76	19	38
77	20	25
78	20	26
79	20	27
80	20	28
81	20	29
82	20	30
83	21	40
84	21	41
85	21	42
86	21	39
87	22	80
88	22	81
89	22	82
90	22	79
\.


--
-- TOC entry 5316 (class 0 OID 18142)
-- Dependencies: 228
-- Data for Name: security_user; Type: TABLE DATA; Schema: public; Owner: postgres
--

COPY public.security_user (id, password, last_login, is_superuser, username, first_name, last_name, is_staff, is_active, date_joined, dni, image, email, direction, phone) FROM stdin;
5	pbkdf2_sha256$1000000$elS8vofXJb5GNCqDcvQdPB$PbX978IsuuskaNpbr3DD4fJZ4IJ4a1fckB0O4stxZT0=	2025-07-04 21:59:13.502304-05	f	nuevo	new	alsonew	f	t	2025-07-04 21:59:01.724124-05	09123124		nuevo@gmail.com	\N	042554565
1	pbkdf2_sha256$1000000$LvljbeXbAgZvZC1RjX7bIr$0Mqi1hQlSmbn5zr5Bj8TPLmPoKLcHVKm4vng4qJX7vg=	2025-07-05 02:50:02.335025-05	t	Admin	Admin	Admin	t	t	2025-07-03 11:12:37-05	\N		admin@gmail.com	\N	\N
\.


--
-- TOC entry 5318 (class 0 OID 18154)
-- Dependencies: 230
-- Data for Name: security_user_groups; Type: TABLE DATA; Schema: public; Owner: postgres
--

COPY public.security_user_groups (id, user_id, group_id) FROM stdin;
1	1	1
2	5	3
\.


--
-- TOC entry 5320 (class 0 OID 18160)
-- Dependencies: 232
-- Data for Name: security_user_user_permissions; Type: TABLE DATA; Schema: public; Owner: postgres
--

COPY public.security_user_user_permissions (id, user_id, permission_id) FROM stdin;
1	1	1
2	1	2
3	1	3
4	1	4
5	1	5
6	1	6
7	1	7
8	1	8
9	1	9
10	1	10
11	1	11
12	1	12
13	1	13
14	1	14
15	1	15
16	1	16
17	1	17
18	1	18
19	1	19
20	1	20
21	1	21
22	1	22
23	1	23
24	1	24
25	1	25
26	1	26
27	1	27
28	1	28
29	1	29
30	1	30
31	1	31
32	1	32
33	1	33
34	1	34
35	1	35
36	1	36
37	1	37
38	1	38
39	1	39
40	1	40
41	1	41
42	1	42
43	1	43
44	1	44
45	1	45
46	1	46
47	1	47
48	1	48
49	1	49
50	1	50
51	1	51
52	1	52
53	1	53
54	1	54
55	1	55
56	1	56
57	1	57
58	1	58
59	1	59
60	1	60
61	1	61
62	1	62
63	1	63
64	1	64
65	1	65
66	1	66
67	1	67
68	1	68
69	1	69
70	1	70
71	1	71
72	1	72
73	1	73
74	1	74
75	1	75
76	1	76
77	1	77
78	1	78
79	1	79
80	1	80
81	1	81
82	1	82
83	1	83
84	1	84
85	1	85
86	1	86
87	1	87
88	1	88
89	1	89
90	1	90
91	1	91
92	1	92
93	1	93
94	1	94
95	1	95
96	1	96
97	1	97
98	1	98
99	1	99
100	1	100
101	1	101
102	1	102
103	1	103
104	1	104
105	1	105
106	1	106
107	1	107
108	1	108
109	1	109
110	1	110
111	1	111
112	1	112
113	1	113
114	1	114
115	1	115
116	1	116
117	1	117
118	1	118
119	1	119
120	1	120
121	1	121
122	1	122
\.


--
-- TOC entry 5383 (class 0 OID 0)
-- Dependencies: 221
-- Name: auth_group_id_seq; Type: SEQUENCE SET; Schema: public; Owner: postgres
--

SELECT pg_catalog.setval('public.auth_group_id_seq', 3, true);


--
-- TOC entry 5384 (class 0 OID 0)
-- Dependencies: 223
-- Name: auth_group_permissions_id_seq; Type: SEQUENCE SET; Schema: public; Owner: postgres
--

SELECT pg_catalog.setval('public.auth_group_permissions_id_seq', 130, true);


--
-- TOC entry 5385 (class 0 OID 0)
-- Dependencies: 219
-- Name: auth_permission_id_seq; Type: SEQUENCE SET; Schema: public; Owner: postgres
--

SELECT pg_catalog.setval('public.auth_permission_id_seq', 122, true);


--
-- TOC entry 5386 (class 0 OID 0)
-- Dependencies: 246
-- Name: core_cargo_id_seq; Type: SEQUENCE SET; Schema: public; Owner: postgres
--

SELECT pg_catalog.setval('public.core_cargo_id_seq', 2, true);


--
-- TOC entry 5387 (class 0 OID 0)
-- Dependencies: 248
-- Name: core_diagnostico_id_seq; Type: SEQUENCE SET; Schema: public; Owner: postgres
--

SELECT pg_catalog.setval('public.core_diagnostico_id_seq', 1, true);


--
-- TOC entry 5388 (class 0 OID 0)
-- Dependencies: 262
-- Name: core_doctor_especialidad_id_seq; Type: SEQUENCE SET; Schema: public; Owner: postgres
--

SELECT pg_catalog.setval('public.core_doctor_especialidad_id_seq', 1, true);


--
-- TOC entry 5389 (class 0 OID 0)
-- Dependencies: 260
-- Name: core_doctor_id_seq; Type: SEQUENCE SET; Schema: public; Owner: postgres
--

SELECT pg_catalog.setval('public.core_doctor_id_seq', 1, true);


--
-- TOC entry 5390 (class 0 OID 0)
-- Dependencies: 258
-- Name: core_empleado_id_seq; Type: SEQUENCE SET; Schema: public; Owner: postgres
--

SELECT pg_catalog.setval('public.core_empleado_id_seq', 1, true);


--
-- TOC entry 5391 (class 0 OID 0)
-- Dependencies: 250
-- Name: core_especialidad_id_seq; Type: SEQUENCE SET; Schema: public; Owner: postgres
--

SELECT pg_catalog.setval('public.core_especialidad_id_seq', 1, true);


--
-- TOC entry 5392 (class 0 OID 0)
-- Dependencies: 270
-- Name: core_fotopaciente_id_seq; Type: SEQUENCE SET; Schema: public; Owner: postgres
--

SELECT pg_catalog.setval('public.core_fotopaciente_id_seq', 1, false);


--
-- TOC entry 5393 (class 0 OID 0)
-- Dependencies: 272
-- Name: core_gastomensual_id_seq; Type: SEQUENCE SET; Schema: public; Owner: postgres
--

SELECT pg_catalog.setval('public.core_gastomensual_id_seq', 2, true);


--
-- TOC entry 5394 (class 0 OID 0)
-- Dependencies: 252
-- Name: core_marcamedicamento_id_seq; Type: SEQUENCE SET; Schema: public; Owner: postgres
--

SELECT pg_catalog.setval('public.core_marcamedicamento_id_seq', 1, true);


--
-- TOC entry 5395 (class 0 OID 0)
-- Dependencies: 264
-- Name: core_medicamento_id_seq; Type: SEQUENCE SET; Schema: public; Owner: postgres
--

SELECT pg_catalog.setval('public.core_medicamento_id_seq', 1, true);


--
-- TOC entry 5396 (class 0 OID 0)
-- Dependencies: 266
-- Name: core_paciente_id_seq; Type: SEQUENCE SET; Schema: public; Owner: postgres
--

SELECT pg_catalog.setval('public.core_paciente_id_seq', 4, true);


--
-- TOC entry 5397 (class 0 OID 0)
-- Dependencies: 268
-- Name: core_tipogasto_id_seq; Type: SEQUENCE SET; Schema: public; Owner: postgres
--

SELECT pg_catalog.setval('public.core_tipogasto_id_seq', 1, true);


--
-- TOC entry 5398 (class 0 OID 0)
-- Dependencies: 254
-- Name: core_tipomedicamento_id_seq; Type: SEQUENCE SET; Schema: public; Owner: postgres
--

SELECT pg_catalog.setval('public.core_tipomedicamento_id_seq', 1, true);


--
-- TOC entry 5399 (class 0 OID 0)
-- Dependencies: 256
-- Name: core_tiposangre_id_seq; Type: SEQUENCE SET; Schema: public; Owner: postgres
--

SELECT pg_catalog.setval('public.core_tiposangre_id_seq', 3, true);


--
-- TOC entry 5400 (class 0 OID 0)
-- Dependencies: 241
-- Name: django_admin_log_id_seq; Type: SEQUENCE SET; Schema: public; Owner: postgres
--

SELECT pg_catalog.setval('public.django_admin_log_id_seq', 92, true);


--
-- TOC entry 5401 (class 0 OID 0)
-- Dependencies: 217
-- Name: django_content_type_id_seq; Type: SEQUENCE SET; Schema: public; Owner: postgres
--

SELECT pg_catalog.setval('public.django_content_type_id_seq', 30, true);


--
-- TOC entry 5402 (class 0 OID 0)
-- Dependencies: 215
-- Name: django_migrations_id_seq; Type: SEQUENCE SET; Schema: public; Owner: postgres
--

SELECT pg_catalog.setval('public.django_migrations_id_seq', 50, true);


--
-- TOC entry 5403 (class 0 OID 0)
-- Dependencies: 278
-- Name: doctor_atencion_diagnostico_id_seq; Type: SEQUENCE SET; Schema: public; Owner: postgres
--

SELECT pg_catalog.setval('public.doctor_atencion_diagnostico_id_seq', 1, true);


--
-- TOC entry 5404 (class 0 OID 0)
-- Dependencies: 276
-- Name: doctor_atencion_id_seq; Type: SEQUENCE SET; Schema: public; Owner: postgres
--

SELECT pg_catalog.setval('public.doctor_atencion_id_seq', 1, true);


--
-- TOC entry 5405 (class 0 OID 0)
-- Dependencies: 286
-- Name: doctor_citamedica_id_seq; Type: SEQUENCE SET; Schema: public; Owner: postgres
--

SELECT pg_catalog.setval('public.doctor_citamedica_id_seq', 13, true);


--
-- TOC entry 5406 (class 0 OID 0)
-- Dependencies: 280
-- Name: doctor_detalleatencion_id_seq; Type: SEQUENCE SET; Schema: public; Owner: postgres
--

SELECT pg_catalog.setval('public.doctor_detalleatencion_id_seq', 3, true);


--
-- TOC entry 5407 (class 0 OID 0)
-- Dependencies: 284
-- Name: doctor_detallepago_id_seq; Type: SEQUENCE SET; Schema: public; Owner: postgres
--

SELECT pg_catalog.setval('public.doctor_detallepago_id_seq', 1, true);


--
-- TOC entry 5408 (class 0 OID 0)
-- Dependencies: 288
-- Name: doctor_horarioatencion_id_seq; Type: SEQUENCE SET; Schema: public; Owner: postgres
--

SELECT pg_catalog.setval('public.doctor_horarioatencion_id_seq', 7, true);


--
-- TOC entry 5409 (class 0 OID 0)
-- Dependencies: 282
-- Name: doctor_pago_id_seq; Type: SEQUENCE SET; Schema: public; Owner: postgres
--

SELECT pg_catalog.setval('public.doctor_pago_id_seq', 1, true);


--
-- TOC entry 5410 (class 0 OID 0)
-- Dependencies: 274
-- Name: doctor_serviciosadicionales_id_seq; Type: SEQUENCE SET; Schema: public; Owner: postgres
--

SELECT pg_catalog.setval('public.doctor_serviciosadicionales_id_seq', 1, true);


--
-- TOC entry 5411 (class 0 OID 0)
-- Dependencies: 243
-- Name: security_audituser_id_seq; Type: SEQUENCE SET; Schema: public; Owner: postgres
--

SELECT pg_catalog.setval('public.security_audituser_id_seq', 3, true);


--
-- TOC entry 5412 (class 0 OID 0)
-- Dependencies: 237
-- Name: security_groupmodulepermission_id_seq; Type: SEQUENCE SET; Schema: public; Owner: postgres
--

SELECT pg_catalog.setval('public.security_groupmodulepermission_id_seq', 24, true);


--
-- TOC entry 5413 (class 0 OID 0)
-- Dependencies: 239
-- Name: security_groupmodulepermission_permissions_id_seq; Type: SEQUENCE SET; Schema: public; Owner: postgres
--

SELECT pg_catalog.setval('public.security_groupmodulepermission_permissions_id_seq', 98, true);


--
-- TOC entry 5414 (class 0 OID 0)
-- Dependencies: 225
-- Name: security_menu_id_seq; Type: SEQUENCE SET; Schema: public; Owner: postgres
--

SELECT pg_catalog.setval('public.security_menu_id_seq', 7, true);


--
-- TOC entry 5415 (class 0 OID 0)
-- Dependencies: 233
-- Name: security_module_id_seq; Type: SEQUENCE SET; Schema: public; Owner: postgres
--

SELECT pg_catalog.setval('public.security_module_id_seq', 22, true);


--
-- TOC entry 5416 (class 0 OID 0)
-- Dependencies: 235
-- Name: security_module_permissions_id_seq; Type: SEQUENCE SET; Schema: public; Owner: postgres
--

SELECT pg_catalog.setval('public.security_module_permissions_id_seq', 90, true);


--
-- TOC entry 5417 (class 0 OID 0)
-- Dependencies: 229
-- Name: security_user_groups_id_seq; Type: SEQUENCE SET; Schema: public; Owner: postgres
--

SELECT pg_catalog.setval('public.security_user_groups_id_seq', 2, true);


--
-- TOC entry 5418 (class 0 OID 0)
-- Dependencies: 227
-- Name: security_user_id_seq; Type: SEQUENCE SET; Schema: public; Owner: postgres
--

SELECT pg_catalog.setval('public.security_user_id_seq', 5, true);


--
-- TOC entry 5419 (class 0 OID 0)
-- Dependencies: 231
-- Name: security_user_user_permissions_id_seq; Type: SEQUENCE SET; Schema: public; Owner: postgres
--

SELECT pg_catalog.setval('public.security_user_user_permissions_id_seq', 122, true);


--
-- TOC entry 4943 (class 2606 OID 18130)
-- Name: auth_group auth_group_name_key; Type: CONSTRAINT; Schema: public; Owner: postgres
--

ALTER TABLE ONLY public.auth_group
    ADD CONSTRAINT auth_group_name_key UNIQUE (name);


--
-- TOC entry 4948 (class 2606 OID 18116)
-- Name: auth_group_permissions auth_group_permissions_group_id_permission_id_0cd325b0_uniq; Type: CONSTRAINT; Schema: public; Owner: postgres
--

ALTER TABLE ONLY public.auth_group_permissions
    ADD CONSTRAINT auth_group_permissions_group_id_permission_id_0cd325b0_uniq UNIQUE (group_id, permission_id);


--
-- TOC entry 4951 (class 2606 OID 18105)
-- Name: auth_group_permissions auth_group_permissions_pkey; Type: CONSTRAINT; Schema: public; Owner: postgres
--

ALTER TABLE ONLY public.auth_group_permissions
    ADD CONSTRAINT auth_group_permissions_pkey PRIMARY KEY (id);


--
-- TOC entry 4945 (class 2606 OID 18097)
-- Name: auth_group auth_group_pkey; Type: CONSTRAINT; Schema: public; Owner: postgres
--

ALTER TABLE ONLY public.auth_group
    ADD CONSTRAINT auth_group_pkey PRIMARY KEY (id);


--
-- TOC entry 4938 (class 2606 OID 18107)
-- Name: auth_permission auth_permission_content_type_id_codename_01ab375a_uniq; Type: CONSTRAINT; Schema: public; Owner: postgres
--

ALTER TABLE ONLY public.auth_permission
    ADD CONSTRAINT auth_permission_content_type_id_codename_01ab375a_uniq UNIQUE (content_type_id, codename);


--
-- TOC entry 4940 (class 2606 OID 18091)
-- Name: auth_permission auth_permission_pkey; Type: CONSTRAINT; Schema: public; Owner: postgres
--

ALTER TABLE ONLY public.auth_permission
    ADD CONSTRAINT auth_permission_pkey PRIMARY KEY (id);


--
-- TOC entry 5014 (class 2606 OID 25682)
-- Name: core_cargo core_cargo_nombre_key; Type: CONSTRAINT; Schema: public; Owner: postgres
--

ALTER TABLE ONLY public.core_cargo
    ADD CONSTRAINT core_cargo_nombre_key UNIQUE (nombre);


--
-- TOC entry 5016 (class 2606 OID 25680)
-- Name: core_cargo core_cargo_pkey; Type: CONSTRAINT; Schema: public; Owner: postgres
--

ALTER TABLE ONLY public.core_cargo
    ADD CONSTRAINT core_cargo_pkey PRIMARY KEY (id);


--
-- TOC entry 5019 (class 2606 OID 25692)
-- Name: core_diagnostico core_diagnostico_codigo_key; Type: CONSTRAINT; Schema: public; Owner: postgres
--

ALTER TABLE ONLY public.core_diagnostico
    ADD CONSTRAINT core_diagnostico_codigo_key UNIQUE (codigo);


--
-- TOC entry 5021 (class 2606 OID 25690)
-- Name: core_diagnostico core_diagnostico_pkey; Type: CONSTRAINT; Schema: public; Owner: postgres
--

ALTER TABLE ONLY public.core_diagnostico
    ADD CONSTRAINT core_diagnostico_pkey PRIMARY KEY (id);


--
-- TOC entry 5047 (class 2606 OID 25752)
-- Name: core_doctor core_doctor_codigo_unico_doctor_key; Type: CONSTRAINT; Schema: public; Owner: postgres
--

ALTER TABLE ONLY public.core_doctor
    ADD CONSTRAINT core_doctor_codigo_unico_doctor_key UNIQUE (codigo_unico_doctor);


--
-- TOC entry 5050 (class 2606 OID 25750)
-- Name: core_doctor core_doctor_direccion_key; Type: CONSTRAINT; Schema: public; Owner: postgres
--

ALTER TABLE ONLY public.core_doctor
    ADD CONSTRAINT core_doctor_direccion_key UNIQUE (direccion);


--
-- TOC entry 5058 (class 2606 OID 25796)
-- Name: core_doctor_especialidad core_doctor_especialidad_doctor_id_especialidad_i_27e82ede_uniq; Type: CONSTRAINT; Schema: public; Owner: postgres
--

ALTER TABLE ONLY public.core_doctor_especialidad
    ADD CONSTRAINT core_doctor_especialidad_doctor_id_especialidad_i_27e82ede_uniq UNIQUE (doctor_id, especialidad_id);


--
-- TOC entry 5061 (class 2606 OID 25758)
-- Name: core_doctor_especialidad core_doctor_especialidad_pkey; Type: CONSTRAINT; Schema: public; Owner: postgres
--

ALTER TABLE ONLY public.core_doctor_especialidad
    ADD CONSTRAINT core_doctor_especialidad_pkey PRIMARY KEY (id);


--
-- TOC entry 5052 (class 2606 OID 25746)
-- Name: core_doctor core_doctor_pkey; Type: CONSTRAINT; Schema: public; Owner: postgres
--

ALTER TABLE ONLY public.core_doctor
    ADD CONSTRAINT core_doctor_pkey PRIMARY KEY (id);


--
-- TOC entry 5055 (class 2606 OID 25748)
-- Name: core_doctor core_doctor_ruc_key; Type: CONSTRAINT; Schema: public; Owner: postgres
--

ALTER TABLE ONLY public.core_doctor
    ADD CONSTRAINT core_doctor_ruc_key UNIQUE (ruc);


--
-- TOC entry 5044 (class 2606 OID 25738)
-- Name: core_empleado core_empleado_pkey; Type: CONSTRAINT; Schema: public; Owner: postgres
--

ALTER TABLE ONLY public.core_empleado
    ADD CONSTRAINT core_empleado_pkey PRIMARY KEY (id);


--
-- TOC entry 5024 (class 2606 OID 25702)
-- Name: core_especialidad core_especialidad_nombre_key; Type: CONSTRAINT; Schema: public; Owner: postgres
--

ALTER TABLE ONLY public.core_especialidad
    ADD CONSTRAINT core_especialidad_nombre_key UNIQUE (nombre);


--
-- TOC entry 5026 (class 2606 OID 25700)
-- Name: core_especialidad core_especialidad_pkey; Type: CONSTRAINT; Schema: public; Owner: postgres
--

ALTER TABLE ONLY public.core_especialidad
    ADD CONSTRAINT core_especialidad_pkey PRIMARY KEY (id);


--
-- TOC entry 5082 (class 2606 OID 25848)
-- Name: core_fotopaciente core_fotopaciente_pkey; Type: CONSTRAINT; Schema: public; Owner: postgres
--

ALTER TABLE ONLY public.core_fotopaciente
    ADD CONSTRAINT core_fotopaciente_pkey PRIMARY KEY (id);


--
-- TOC entry 5084 (class 2606 OID 25856)
-- Name: core_gastomensual core_gastomensual_pkey; Type: CONSTRAINT; Schema: public; Owner: postgres
--

ALTER TABLE ONLY public.core_gastomensual
    ADD CONSTRAINT core_gastomensual_pkey PRIMARY KEY (id);


--
-- TOC entry 5029 (class 2606 OID 25712)
-- Name: core_marcamedicamento core_marcamedicamento_nombre_key; Type: CONSTRAINT; Schema: public; Owner: postgres
--

ALTER TABLE ONLY public.core_marcamedicamento
    ADD CONSTRAINT core_marcamedicamento_nombre_key UNIQUE (nombre);


--
-- TOC entry 5031 (class 2606 OID 25710)
-- Name: core_marcamedicamento core_marcamedicamento_pkey; Type: CONSTRAINT; Schema: public; Owner: postgres
--

ALTER TABLE ONLY public.core_marcamedicamento
    ADD CONSTRAINT core_marcamedicamento_pkey PRIMARY KEY (id);


--
-- TOC entry 5065 (class 2606 OID 25769)
-- Name: core_medicamento core_medicamento_nombre_key; Type: CONSTRAINT; Schema: public; Owner: postgres
--

ALTER TABLE ONLY public.core_medicamento
    ADD CONSTRAINT core_medicamento_nombre_key UNIQUE (nombre);


--
-- TOC entry 5067 (class 2606 OID 25767)
-- Name: core_medicamento core_medicamento_pkey; Type: CONSTRAINT; Schema: public; Owner: postgres
--

ALTER TABLE ONLY public.core_medicamento
    ADD CONSTRAINT core_medicamento_pkey PRIMARY KEY (id);


--
-- TOC entry 5071 (class 2606 OID 25779)
-- Name: core_paciente core_paciente_email_key; Type: CONSTRAINT; Schema: public; Owner: postgres
--

ALTER TABLE ONLY public.core_paciente
    ADD CONSTRAINT core_paciente_email_key UNIQUE (email);


--
-- TOC entry 5073 (class 2606 OID 25777)
-- Name: core_paciente core_paciente_pkey; Type: CONSTRAINT; Schema: public; Owner: postgres
--

ALTER TABLE ONLY public.core_paciente
    ADD CONSTRAINT core_paciente_pkey PRIMARY KEY (id);


--
-- TOC entry 5077 (class 2606 OID 25838)
-- Name: core_tipogasto core_tipogasto_nombre_key; Type: CONSTRAINT; Schema: public; Owner: postgres
--

ALTER TABLE ONLY public.core_tipogasto
    ADD CONSTRAINT core_tipogasto_nombre_key UNIQUE (nombre);


--
-- TOC entry 5079 (class 2606 OID 25836)
-- Name: core_tipogasto core_tipogasto_pkey; Type: CONSTRAINT; Schema: public; Owner: postgres
--

ALTER TABLE ONLY public.core_tipogasto
    ADD CONSTRAINT core_tipogasto_pkey PRIMARY KEY (id);


--
-- TOC entry 5034 (class 2606 OID 25722)
-- Name: core_tipomedicamento core_tipomedicamento_nombre_key; Type: CONSTRAINT; Schema: public; Owner: postgres
--

ALTER TABLE ONLY public.core_tipomedicamento
    ADD CONSTRAINT core_tipomedicamento_nombre_key UNIQUE (nombre);


--
-- TOC entry 5036 (class 2606 OID 25720)
-- Name: core_tipomedicamento core_tipomedicamento_pkey; Type: CONSTRAINT; Schema: public; Owner: postgres
--

ALTER TABLE ONLY public.core_tipomedicamento
    ADD CONSTRAINT core_tipomedicamento_pkey PRIMARY KEY (id);


--
-- TOC entry 5038 (class 2606 OID 25728)
-- Name: core_tiposangre core_tiposangre_pkey; Type: CONSTRAINT; Schema: public; Owner: postgres
--

ALTER TABLE ONLY public.core_tiposangre
    ADD CONSTRAINT core_tiposangre_pkey PRIMARY KEY (id);


--
-- TOC entry 5041 (class 2606 OID 25730)
-- Name: core_tiposangre core_tiposangre_tipo_key; Type: CONSTRAINT; Schema: public; Owner: postgres
--

ALTER TABLE ONLY public.core_tiposangre
    ADD CONSTRAINT core_tiposangre_tipo_key UNIQUE (tipo);


--
-- TOC entry 5003 (class 2606 OID 18282)
-- Name: django_admin_log django_admin_log_pkey; Type: CONSTRAINT; Schema: public; Owner: postgres
--

ALTER TABLE ONLY public.django_admin_log
    ADD CONSTRAINT django_admin_log_pkey PRIMARY KEY (id);


--
-- TOC entry 4933 (class 2606 OID 18085)
-- Name: django_content_type django_content_type_app_label_model_76bd3d3b_uniq; Type: CONSTRAINT; Schema: public; Owner: postgres
--

ALTER TABLE ONLY public.django_content_type
    ADD CONSTRAINT django_content_type_app_label_model_76bd3d3b_uniq UNIQUE (app_label, model);


--
-- TOC entry 4935 (class 2606 OID 18083)
-- Name: django_content_type django_content_type_pkey; Type: CONSTRAINT; Schema: public; Owner: postgres
--

ALTER TABLE ONLY public.django_content_type
    ADD CONSTRAINT django_content_type_pkey PRIMARY KEY (id);


--
-- TOC entry 4931 (class 2606 OID 18077)
-- Name: django_migrations django_migrations_pkey; Type: CONSTRAINT; Schema: public; Owner: postgres
--

ALTER TABLE ONLY public.django_migrations
    ADD CONSTRAINT django_migrations_pkey PRIMARY KEY (id);


--
-- TOC entry 5010 (class 2606 OID 18701)
-- Name: django_session django_session_pkey; Type: CONSTRAINT; Schema: public; Owner: postgres
--

ALTER TABLE ONLY public.django_session
    ADD CONSTRAINT django_session_pkey PRIMARY KEY (session_key);


--
-- TOC entry 5094 (class 2606 OID 25972)
-- Name: doctor_atencion_diagnostico doctor_atencion_diagnost_atencion_id_diagnostico__2645a07d_uniq; Type: CONSTRAINT; Schema: public; Owner: postgres
--

ALTER TABLE ONLY public.doctor_atencion_diagnostico
    ADD CONSTRAINT doctor_atencion_diagnost_atencion_id_diagnostico__2645a07d_uniq UNIQUE (atencion_id, diagnostico_id);


--
-- TOC entry 5098 (class 2606 OID 25918)
-- Name: doctor_atencion_diagnostico doctor_atencion_diagnostico_pkey; Type: CONSTRAINT; Schema: public; Owner: postgres
--

ALTER TABLE ONLY public.doctor_atencion_diagnostico
    ADD CONSTRAINT doctor_atencion_diagnostico_pkey PRIMARY KEY (id);


--
-- TOC entry 5092 (class 2606 OID 25912)
-- Name: doctor_atencion doctor_atencion_pkey; Type: CONSTRAINT; Schema: public; Owner: postgres
--

ALTER TABLE ONLY public.doctor_atencion
    ADD CONSTRAINT doctor_atencion_pkey PRIMARY KEY (id);


--
-- TOC entry 5112 (class 2606 OID 26040)
-- Name: doctor_citamedica doctor_citamedica_fecha_hora_cita_26af91dd_uniq; Type: CONSTRAINT; Schema: public; Owner: postgres
--

ALTER TABLE ONLY public.doctor_citamedica
    ADD CONSTRAINT doctor_citamedica_fecha_hora_cita_26af91dd_uniq UNIQUE (fecha, hora_cita);


--
-- TOC entry 5115 (class 2606 OID 25952)
-- Name: doctor_citamedica doctor_citamedica_pkey; Type: CONSTRAINT; Schema: public; Owner: postgres
--

ALTER TABLE ONLY public.doctor_citamedica
    ADD CONSTRAINT doctor_citamedica_pkey PRIMARY KEY (id);


--
-- TOC entry 5102 (class 2606 OID 25929)
-- Name: doctor_detalleatencion doctor_detalleatencion_pkey; Type: CONSTRAINT; Schema: public; Owner: postgres
--

ALTER TABLE ONLY public.doctor_detalleatencion
    ADD CONSTRAINT doctor_detalleatencion_pkey PRIMARY KEY (id);


--
-- TOC entry 5108 (class 2606 OID 25944)
-- Name: doctor_detallepago doctor_detallepago_pkey; Type: CONSTRAINT; Schema: public; Owner: postgres
--

ALTER TABLE ONLY public.doctor_detallepago
    ADD CONSTRAINT doctor_detallepago_pkey PRIMARY KEY (id);


--
-- TOC entry 5118 (class 2606 OID 26042)
-- Name: doctor_horarioatencion doctor_horarioatencion_dia_semana_hora_inicio_h_18d9e3d3_uniq; Type: CONSTRAINT; Schema: public; Owner: postgres
--

ALTER TABLE ONLY public.doctor_horarioatencion
    ADD CONSTRAINT doctor_horarioatencion_dia_semana_hora_inicio_h_18d9e3d3_uniq UNIQUE (dia_semana, hora_inicio, hora_fin);


--
-- TOC entry 5121 (class 2606 OID 25958)
-- Name: doctor_horarioatencion doctor_horarioatencion_pkey; Type: CONSTRAINT; Schema: public; Owner: postgres
--

ALTER TABLE ONLY public.doctor_horarioatencion
    ADD CONSTRAINT doctor_horarioatencion_pkey PRIMARY KEY (id);


--
-- TOC entry 5105 (class 2606 OID 25937)
-- Name: doctor_pago doctor_pago_pkey; Type: CONSTRAINT; Schema: public; Owner: postgres
--

ALTER TABLE ONLY public.doctor_pago
    ADD CONSTRAINT doctor_pago_pkey PRIMARY KEY (id);


--
-- TOC entry 5087 (class 2606 OID 25902)
-- Name: doctor_serviciosadicionales doctor_serviciosadicionales_pkey; Type: CONSTRAINT; Schema: public; Owner: postgres
--

ALTER TABLE ONLY public.doctor_serviciosadicionales
    ADD CONSTRAINT doctor_serviciosadicionales_pkey PRIMARY KEY (id);


--
-- TOC entry 5006 (class 2606 OID 18688)
-- Name: security_audituser security_audituser_pkey; Type: CONSTRAINT; Schema: public; Owner: postgres
--

ALTER TABLE ONLY public.security_audituser
    ADD CONSTRAINT security_audituser_pkey PRIMARY KEY (id);


--
-- TOC entry 4996 (class 2606 OID 18261)
-- Name: security_groupmodulepermission_permissions security_groupmoduleperm_groupmodulepermission_id_ec68b51e_uniq; Type: CONSTRAINT; Schema: public; Owner: postgres
--

ALTER TABLE ONLY public.security_groupmodulepermission_permissions
    ADD CONSTRAINT security_groupmoduleperm_groupmodulepermission_id_ec68b51e_uniq UNIQUE (groupmodulepermission_id, permission_id);


--
-- TOC entry 5000 (class 2606 OID 18195)
-- Name: security_groupmodulepermission_permissions security_groupmodulepermission_permissions_pkey; Type: CONSTRAINT; Schema: public; Owner: postgres
--

ALTER TABLE ONLY public.security_groupmodulepermission_permissions
    ADD CONSTRAINT security_groupmodulepermission_permissions_pkey PRIMARY KEY (id);


--
-- TOC entry 4992 (class 2606 OID 18187)
-- Name: security_groupmodulepermission security_groupmodulepermission_pkey; Type: CONSTRAINT; Schema: public; Owner: postgres
--

ALTER TABLE ONLY public.security_groupmodulepermission
    ADD CONSTRAINT security_groupmodulepermission_pkey PRIMARY KEY (id);


--
-- TOC entry 4954 (class 2606 OID 18140)
-- Name: security_menu security_menu_name_key; Type: CONSTRAINT; Schema: public; Owner: postgres
--

ALTER TABLE ONLY public.security_menu
    ADD CONSTRAINT security_menu_name_key UNIQUE (name);


--
-- TOC entry 4956 (class 2606 OID 18138)
-- Name: security_menu security_menu_pkey; Type: CONSTRAINT; Schema: public; Owner: postgres
--

ALTER TABLE ONLY public.security_menu
    ADD CONSTRAINT security_menu_pkey PRIMARY KEY (id);


--
-- TOC entry 4984 (class 2606 OID 18235)
-- Name: security_module_permissions security_module_permissi_module_id_permission_id_19ff829b_uniq; Type: CONSTRAINT; Schema: public; Owner: postgres
--

ALTER TABLE ONLY public.security_module_permissions
    ADD CONSTRAINT security_module_permissi_module_id_permission_id_19ff829b_uniq UNIQUE (module_id, permission_id);


--
-- TOC entry 4988 (class 2606 OID 18181)
-- Name: security_module_permissions security_module_permissions_pkey; Type: CONSTRAINT; Schema: public; Owner: postgres
--

ALTER TABLE ONLY public.security_module_permissions
    ADD CONSTRAINT security_module_permissions_pkey PRIMARY KEY (id);


--
-- TOC entry 4979 (class 2606 OID 18173)
-- Name: security_module security_module_pkey; Type: CONSTRAINT; Schema: public; Owner: postgres
--

ALTER TABLE ONLY public.security_module
    ADD CONSTRAINT security_module_pkey PRIMARY KEY (id);


--
-- TOC entry 4982 (class 2606 OID 18175)
-- Name: security_module security_module_url_key; Type: CONSTRAINT; Schema: public; Owner: postgres
--

ALTER TABLE ONLY public.security_module
    ADD CONSTRAINT security_module_url_key UNIQUE (url);


--
-- TOC entry 4959 (class 2606 OID 18152)
-- Name: security_user security_user_email_key; Type: CONSTRAINT; Schema: public; Owner: postgres
--

ALTER TABLE ONLY public.security_user
    ADD CONSTRAINT security_user_email_key UNIQUE (email);


--
-- TOC entry 4967 (class 2606 OID 18158)
-- Name: security_user_groups security_user_groups_pkey; Type: CONSTRAINT; Schema: public; Owner: postgres
--

ALTER TABLE ONLY public.security_user_groups
    ADD CONSTRAINT security_user_groups_pkey PRIMARY KEY (id);


--
-- TOC entry 4970 (class 2606 OID 18200)
-- Name: security_user_groups security_user_groups_user_id_group_id_3b1c5bf8_uniq; Type: CONSTRAINT; Schema: public; Owner: postgres
--

ALTER TABLE ONLY public.security_user_groups
    ADD CONSTRAINT security_user_groups_user_id_group_id_3b1c5bf8_uniq UNIQUE (user_id, group_id);


--
-- TOC entry 4961 (class 2606 OID 18148)
-- Name: security_user security_user_pkey; Type: CONSTRAINT; Schema: public; Owner: postgres
--

ALTER TABLE ONLY public.security_user
    ADD CONSTRAINT security_user_pkey PRIMARY KEY (id);


--
-- TOC entry 4972 (class 2606 OID 18214)
-- Name: security_user_user_permissions security_user_user_permi_user_id_permission_id_9f9dfcbe_uniq; Type: CONSTRAINT; Schema: public; Owner: postgres
--

ALTER TABLE ONLY public.security_user_user_permissions
    ADD CONSTRAINT security_user_user_permi_user_id_permission_id_9f9dfcbe_uniq UNIQUE (user_id, permission_id);


--
-- TOC entry 4975 (class 2606 OID 18164)
-- Name: security_user_user_permissions security_user_user_permissions_pkey; Type: CONSTRAINT; Schema: public; Owner: postgres
--

ALTER TABLE ONLY public.security_user_user_permissions
    ADD CONSTRAINT security_user_user_permissions_pkey PRIMARY KEY (id);


--
-- TOC entry 4964 (class 2606 OID 18150)
-- Name: security_user security_user_username_key; Type: CONSTRAINT; Schema: public; Owner: postgres
--

ALTER TABLE ONLY public.security_user
    ADD CONSTRAINT security_user_username_key UNIQUE (username);


--
-- TOC entry 4994 (class 2606 OID 18189)
-- Name: security_groupmodulepermission unique_group_module; Type: CONSTRAINT; Schema: public; Owner: postgres
--

ALTER TABLE ONLY public.security_groupmodulepermission
    ADD CONSTRAINT unique_group_module UNIQUE (group_id, module_id);


--
-- TOC entry 4941 (class 1259 OID 18131)
-- Name: auth_group_name_a6ea08ec_like; Type: INDEX; Schema: public; Owner: postgres
--

CREATE INDEX auth_group_name_a6ea08ec_like ON public.auth_group USING btree (name varchar_pattern_ops);


--
-- TOC entry 4946 (class 1259 OID 18127)
-- Name: auth_group_permissions_group_id_b120cbf9; Type: INDEX; Schema: public; Owner: postgres
--

CREATE INDEX auth_group_permissions_group_id_b120cbf9 ON public.auth_group_permissions USING btree (group_id);


--
-- TOC entry 4949 (class 1259 OID 18128)
-- Name: auth_group_permissions_permission_id_84c5c92e; Type: INDEX; Schema: public; Owner: postgres
--

CREATE INDEX auth_group_permissions_permission_id_84c5c92e ON public.auth_group_permissions USING btree (permission_id);


--
-- TOC entry 4936 (class 1259 OID 18113)
-- Name: auth_permission_content_type_id_2f476e4b; Type: INDEX; Schema: public; Owner: postgres
--

CREATE INDEX auth_permission_content_type_id_2f476e4b ON public.auth_permission USING btree (content_type_id);


--
-- TOC entry 5012 (class 1259 OID 25780)
-- Name: core_cargo_nombre_0eee97e7_like; Type: INDEX; Schema: public; Owner: postgres
--

CREATE INDEX core_cargo_nombre_0eee97e7_like ON public.core_cargo USING btree (nombre varchar_pattern_ops);


--
-- TOC entry 5017 (class 1259 OID 25781)
-- Name: core_diagnostico_codigo_0180d18a_like; Type: INDEX; Schema: public; Owner: postgres
--

CREATE INDEX core_diagnostico_codigo_0180d18a_like ON public.core_diagnostico USING btree (codigo varchar_pattern_ops);


--
-- TOC entry 5045 (class 1259 OID 25794)
-- Name: core_doctor_codigo_unico_doctor_9af06811_like; Type: INDEX; Schema: public; Owner: postgres
--

CREATE INDEX core_doctor_codigo_unico_doctor_9af06811_like ON public.core_doctor USING btree (codigo_unico_doctor varchar_pattern_ops);


--
-- TOC entry 5048 (class 1259 OID 25793)
-- Name: core_doctor_direccion_6489c714_like; Type: INDEX; Schema: public; Owner: postgres
--

CREATE INDEX core_doctor_direccion_6489c714_like ON public.core_doctor USING btree (direccion varchar_pattern_ops);


--
-- TOC entry 5056 (class 1259 OID 25807)
-- Name: core_doctor_especialidad_doctor_id_7d83a662; Type: INDEX; Schema: public; Owner: postgres
--

CREATE INDEX core_doctor_especialidad_doctor_id_7d83a662 ON public.core_doctor_especialidad USING btree (doctor_id);


--
-- TOC entry 5059 (class 1259 OID 25808)
-- Name: core_doctor_especialidad_especialidad_id_f21e4a8b; Type: INDEX; Schema: public; Owner: postgres
--

CREATE INDEX core_doctor_especialidad_especialidad_id_f21e4a8b ON public.core_doctor_especialidad USING btree (especialidad_id);


--
-- TOC entry 5053 (class 1259 OID 25792)
-- Name: core_doctor_ruc_8555a6ee_like; Type: INDEX; Schema: public; Owner: postgres
--

CREATE INDEX core_doctor_ruc_8555a6ee_like ON public.core_doctor USING btree (ruc varchar_pattern_ops);


--
-- TOC entry 5042 (class 1259 OID 25791)
-- Name: core_empleado_cargo_id_bd019d54; Type: INDEX; Schema: public; Owner: postgres
--

CREATE INDEX core_empleado_cargo_id_bd019d54 ON public.core_empleado USING btree (cargo_id);


--
-- TOC entry 5022 (class 1259 OID 25782)
-- Name: core_especialidad_nombre_5c573dd5_like; Type: INDEX; Schema: public; Owner: postgres
--

CREATE INDEX core_especialidad_nombre_5c573dd5_like ON public.core_especialidad USING btree (nombre varchar_pattern_ops);


--
-- TOC entry 5080 (class 1259 OID 25863)
-- Name: core_fotopaciente_paciente_id_7ad6ca34; Type: INDEX; Schema: public; Owner: postgres
--

CREATE INDEX core_fotopaciente_paciente_id_7ad6ca34 ON public.core_fotopaciente USING btree (paciente_id);


--
-- TOC entry 5085 (class 1259 OID 25869)
-- Name: core_gastomensual_tipo_gasto_id_e9e1e25e; Type: INDEX; Schema: public; Owner: postgres
--

CREATE INDEX core_gastomensual_tipo_gasto_id_e9e1e25e ON public.core_gastomensual USING btree (tipo_gasto_id);


--
-- TOC entry 5027 (class 1259 OID 25783)
-- Name: core_marcamedicamento_nombre_63a925e9_like; Type: INDEX; Schema: public; Owner: postgres
--

CREATE INDEX core_marcamedicamento_nombre_63a925e9_like ON public.core_marcamedicamento USING btree (nombre varchar_pattern_ops);


--
-- TOC entry 5062 (class 1259 OID 25820)
-- Name: core_medicamento_marca_medicamento_id_219793df; Type: INDEX; Schema: public; Owner: postgres
--

CREATE INDEX core_medicamento_marca_medicamento_id_219793df ON public.core_medicamento USING btree (marca_medicamento_id);


--
-- TOC entry 5063 (class 1259 OID 25819)
-- Name: core_medicamento_nombre_4827cce8_like; Type: INDEX; Schema: public; Owner: postgres
--

CREATE INDEX core_medicamento_nombre_4827cce8_like ON public.core_medicamento USING btree (nombre varchar_pattern_ops);


--
-- TOC entry 5068 (class 1259 OID 25821)
-- Name: core_medicamento_tipo_id_3a1a2263; Type: INDEX; Schema: public; Owner: postgres
--

CREATE INDEX core_medicamento_tipo_id_3a1a2263 ON public.core_medicamento USING btree (tipo_id);


--
-- TOC entry 5069 (class 1259 OID 25827)
-- Name: core_paciente_email_0768191c_like; Type: INDEX; Schema: public; Owner: postgres
--

CREATE INDEX core_paciente_email_0768191c_like ON public.core_paciente USING btree (email varchar_pattern_ops);


--
-- TOC entry 5074 (class 1259 OID 25828)
-- Name: core_paciente_tipo_sangre_id_ec5ab4fa; Type: INDEX; Schema: public; Owner: postgres
--

CREATE INDEX core_paciente_tipo_sangre_id_ec5ab4fa ON public.core_paciente USING btree (tipo_sangre_id);


--
-- TOC entry 5075 (class 1259 OID 25857)
-- Name: core_tipogasto_nombre_b5a3cae4_like; Type: INDEX; Schema: public; Owner: postgres
--

CREATE INDEX core_tipogasto_nombre_b5a3cae4_like ON public.core_tipogasto USING btree (nombre varchar_pattern_ops);


--
-- TOC entry 5032 (class 1259 OID 25784)
-- Name: core_tipomedicamento_nombre_6102e290_like; Type: INDEX; Schema: public; Owner: postgres
--

CREATE INDEX core_tipomedicamento_nombre_6102e290_like ON public.core_tipomedicamento USING btree (nombre varchar_pattern_ops);


--
-- TOC entry 5039 (class 1259 OID 25785)
-- Name: core_tiposangre_tipo_bf2f09d6_like; Type: INDEX; Schema: public; Owner: postgres
--

CREATE INDEX core_tiposangre_tipo_bf2f09d6_like ON public.core_tiposangre USING btree (tipo varchar_pattern_ops);


--
-- TOC entry 5001 (class 1259 OID 18293)
-- Name: django_admin_log_content_type_id_c4bce8eb; Type: INDEX; Schema: public; Owner: postgres
--

CREATE INDEX django_admin_log_content_type_id_c4bce8eb ON public.django_admin_log USING btree (content_type_id);


--
-- TOC entry 5004 (class 1259 OID 18294)
-- Name: django_admin_log_user_id_c564eba6; Type: INDEX; Schema: public; Owner: postgres
--

CREATE INDEX django_admin_log_user_id_c564eba6 ON public.django_admin_log USING btree (user_id);


--
-- TOC entry 5008 (class 1259 OID 18703)
-- Name: django_session_expire_date_a5c62663; Type: INDEX; Schema: public; Owner: postgres
--

CREATE INDEX django_session_expire_date_a5c62663 ON public.django_session USING btree (expire_date);


--
-- TOC entry 5011 (class 1259 OID 18702)
-- Name: django_session_session_key_c0390e0f_like; Type: INDEX; Schema: public; Owner: postgres
--

CREATE INDEX django_session_session_key_c0390e0f_like ON public.django_session USING btree (session_key varchar_pattern_ops);


--
-- TOC entry 5088 (class 1259 OID 26084)
-- Name: doctor_atencion_cita_id_6988aee7; Type: INDEX; Schema: public; Owner: postgres
--

CREATE INDEX doctor_atencion_cita_id_6988aee7 ON public.doctor_atencion USING btree (cita_id);


--
-- TOC entry 5095 (class 1259 OID 25983)
-- Name: doctor_atencion_diagnostico_atencion_id_f94d09eb; Type: INDEX; Schema: public; Owner: postgres
--

CREATE INDEX doctor_atencion_diagnostico_atencion_id_f94d09eb ON public.doctor_atencion_diagnostico USING btree (atencion_id);


--
-- TOC entry 5096 (class 1259 OID 25984)
-- Name: doctor_atencion_diagnostico_diagnostico_id_d3b17846; Type: INDEX; Schema: public; Owner: postgres
--

CREATE INDEX doctor_atencion_diagnostico_diagnostico_id_d3b17846 ON public.doctor_atencion_diagnostico USING btree (diagnostico_id);


--
-- TOC entry 5089 (class 1259 OID 26085)
-- Name: doctor_atencion_doctor_id_c65e50fe; Type: INDEX; Schema: public; Owner: postgres
--

CREATE INDEX doctor_atencion_doctor_id_c65e50fe ON public.doctor_atencion USING btree (doctor_id);


--
-- TOC entry 5090 (class 1259 OID 25970)
-- Name: doctor_atencion_paciente_id_aced4346; Type: INDEX; Schema: public; Owner: postgres
--

CREATE INDEX doctor_atencion_paciente_id_aced4346 ON public.doctor_atencion USING btree (paciente_id);


--
-- TOC entry 5110 (class 1259 OID 26086)
-- Name: doctor_citamedica_doctor_id_1f686541; Type: INDEX; Schema: public; Owner: postgres
--

CREATE INDEX doctor_citamedica_doctor_id_1f686541 ON public.doctor_citamedica USING btree (doctor_id);


--
-- TOC entry 5113 (class 1259 OID 26028)
-- Name: doctor_citamedica_paciente_id_b90e1208; Type: INDEX; Schema: public; Owner: postgres
--

CREATE INDEX doctor_citamedica_paciente_id_b90e1208 ON public.doctor_citamedica USING btree (paciente_id);


--
-- TOC entry 5099 (class 1259 OID 25995)
-- Name: doctor_detalleatencion_atencion_id_31c8d2f5; Type: INDEX; Schema: public; Owner: postgres
--

CREATE INDEX doctor_detalleatencion_atencion_id_31c8d2f5 ON public.doctor_detalleatencion USING btree (atencion_id);


--
-- TOC entry 5100 (class 1259 OID 25996)
-- Name: doctor_detalleatencion_medicamento_id_4385e4a7; Type: INDEX; Schema: public; Owner: postgres
--

CREATE INDEX doctor_detalleatencion_medicamento_id_4385e4a7 ON public.doctor_detalleatencion USING btree (medicamento_id);


--
-- TOC entry 5106 (class 1259 OID 26013)
-- Name: doctor_detallepago_pago_id_3dc95009; Type: INDEX; Schema: public; Owner: postgres
--

CREATE INDEX doctor_detallepago_pago_id_3dc95009 ON public.doctor_detallepago USING btree (pago_id);


--
-- TOC entry 5109 (class 1259 OID 26014)
-- Name: doctor_detallepago_servicio_adicional_id_0a4dd5fc; Type: INDEX; Schema: public; Owner: postgres
--

CREATE INDEX doctor_detallepago_servicio_adicional_id_0a4dd5fc ON public.doctor_detallepago USING btree (servicio_adicional_id);


--
-- TOC entry 5119 (class 1259 OID 26087)
-- Name: doctor_horarioatencion_doctor_id_507770c8; Type: INDEX; Schema: public; Owner: postgres
--

CREATE INDEX doctor_horarioatencion_doctor_id_507770c8 ON public.doctor_horarioatencion USING btree (doctor_id);


--
-- TOC entry 5103 (class 1259 OID 26002)
-- Name: doctor_pago_atencion_id_b5287902; Type: INDEX; Schema: public; Owner: postgres
--

CREATE INDEX doctor_pago_atencion_id_b5287902 ON public.doctor_pago USING btree (atencion_id);


--
-- TOC entry 5116 (class 1259 OID 26029)
-- Name: idx_fecha_hora; Type: INDEX; Schema: public; Owner: postgres
--

CREATE INDEX idx_fecha_hora ON public.doctor_citamedica USING btree (fecha, hora_cita);


--
-- TOC entry 5007 (class 1259 OID 18694)
-- Name: security_audituser_usuario_id_89929883; Type: INDEX; Schema: public; Owner: postgres
--

CREATE INDEX security_audituser_usuario_id_89929883 ON public.security_audituser USING btree (usuario_id);


--
-- TOC entry 4997 (class 1259 OID 18272)
-- Name: security_groupmodulepermis_groupmodulepermission_id_ef043388; Type: INDEX; Schema: public; Owner: postgres
--

CREATE INDEX security_groupmodulepermis_groupmodulepermission_id_ef043388 ON public.security_groupmodulepermission_permissions USING btree (groupmodulepermission_id);


--
-- TOC entry 4998 (class 1259 OID 18273)
-- Name: security_groupmodulepermis_permission_id_e3d53c1b; Type: INDEX; Schema: public; Owner: postgres
--

CREATE INDEX security_groupmodulepermis_permission_id_e3d53c1b ON public.security_groupmodulepermission_permissions USING btree (permission_id);


--
-- TOC entry 4989 (class 1259 OID 18258)
-- Name: security_groupmodulepermission_group_id_909b495c; Type: INDEX; Schema: public; Owner: postgres
--

CREATE INDEX security_groupmodulepermission_group_id_909b495c ON public.security_groupmodulepermission USING btree (group_id);


--
-- TOC entry 4990 (class 1259 OID 18259)
-- Name: security_groupmodulepermission_module_id_4e3c45a6; Type: INDEX; Schema: public; Owner: postgres
--

CREATE INDEX security_groupmodulepermission_module_id_4e3c45a6 ON public.security_groupmodulepermission USING btree (module_id);


--
-- TOC entry 4952 (class 1259 OID 18196)
-- Name: security_menu_name_391d0a8f_like; Type: INDEX; Schema: public; Owner: postgres
--

CREATE INDEX security_menu_name_391d0a8f_like ON public.security_menu USING btree (name varchar_pattern_ops);


--
-- TOC entry 4977 (class 1259 OID 18233)
-- Name: security_module_menu_id_fe8048f5; Type: INDEX; Schema: public; Owner: postgres
--

CREATE INDEX security_module_menu_id_fe8048f5 ON public.security_module USING btree (menu_id);


--
-- TOC entry 4985 (class 1259 OID 18246)
-- Name: security_module_permissions_module_id_d16f89bb; Type: INDEX; Schema: public; Owner: postgres
--

CREATE INDEX security_module_permissions_module_id_d16f89bb ON public.security_module_permissions USING btree (module_id);


--
-- TOC entry 4986 (class 1259 OID 18247)
-- Name: security_module_permissions_permission_id_088d4204; Type: INDEX; Schema: public; Owner: postgres
--

CREATE INDEX security_module_permissions_permission_id_088d4204 ON public.security_module_permissions USING btree (permission_id);


--
-- TOC entry 4980 (class 1259 OID 18232)
-- Name: security_module_url_fabe8c33_like; Type: INDEX; Schema: public; Owner: postgres
--

CREATE INDEX security_module_url_fabe8c33_like ON public.security_module USING btree (url varchar_pattern_ops);


--
-- TOC entry 4957 (class 1259 OID 18198)
-- Name: security_user_email_b31e1959_like; Type: INDEX; Schema: public; Owner: postgres
--

CREATE INDEX security_user_email_b31e1959_like ON public.security_user USING btree (email varchar_pattern_ops);


--
-- TOC entry 4965 (class 1259 OID 18212)
-- Name: security_user_groups_group_id_33b312e0; Type: INDEX; Schema: public; Owner: postgres
--

CREATE INDEX security_user_groups_group_id_33b312e0 ON public.security_user_groups USING btree (group_id);


--
-- TOC entry 4968 (class 1259 OID 18211)
-- Name: security_user_groups_user_id_b0265551; Type: INDEX; Schema: public; Owner: postgres
--

CREATE INDEX security_user_groups_user_id_b0265551 ON public.security_user_groups USING btree (user_id);


--
-- TOC entry 4973 (class 1259 OID 18226)
-- Name: security_user_user_permissions_permission_id_6613a932; Type: INDEX; Schema: public; Owner: postgres
--

CREATE INDEX security_user_user_permissions_permission_id_6613a932 ON public.security_user_user_permissions USING btree (permission_id);


--
-- TOC entry 4976 (class 1259 OID 18225)
-- Name: security_user_user_permissions_user_id_adf6f194; Type: INDEX; Schema: public; Owner: postgres
--

CREATE INDEX security_user_user_permissions_user_id_adf6f194 ON public.security_user_user_permissions USING btree (user_id);


--
-- TOC entry 4962 (class 1259 OID 18197)
-- Name: security_user_username_258cb6fd_like; Type: INDEX; Schema: public; Owner: postgres
--

CREATE INDEX security_user_username_258cb6fd_like ON public.security_user USING btree (username varchar_pattern_ops);


--
-- TOC entry 5123 (class 2606 OID 18122)
-- Name: auth_group_permissions auth_group_permissio_permission_id_84c5c92e_fk_auth_perm; Type: FK CONSTRAINT; Schema: public; Owner: postgres
--

ALTER TABLE ONLY public.auth_group_permissions
    ADD CONSTRAINT auth_group_permissio_permission_id_84c5c92e_fk_auth_perm FOREIGN KEY (permission_id) REFERENCES public.auth_permission(id) DEFERRABLE INITIALLY DEFERRED;


--
-- TOC entry 5124 (class 2606 OID 18117)
-- Name: auth_group_permissions auth_group_permissions_group_id_b120cbf9_fk_auth_group_id; Type: FK CONSTRAINT; Schema: public; Owner: postgres
--

ALTER TABLE ONLY public.auth_group_permissions
    ADD CONSTRAINT auth_group_permissions_group_id_b120cbf9_fk_auth_group_id FOREIGN KEY (group_id) REFERENCES public.auth_group(id) DEFERRABLE INITIALLY DEFERRED;


--
-- TOC entry 5122 (class 2606 OID 18108)
-- Name: auth_permission auth_permission_content_type_id_2f476e4b_fk_django_co; Type: FK CONSTRAINT; Schema: public; Owner: postgres
--

ALTER TABLE ONLY public.auth_permission
    ADD CONSTRAINT auth_permission_content_type_id_2f476e4b_fk_django_co FOREIGN KEY (content_type_id) REFERENCES public.django_content_type(id) DEFERRABLE INITIALLY DEFERRED;


--
-- TOC entry 5140 (class 2606 OID 25802)
-- Name: core_doctor_especialidad core_doctor_especial_especialidad_id_f21e4a8b_fk_core_espe; Type: FK CONSTRAINT; Schema: public; Owner: postgres
--

ALTER TABLE ONLY public.core_doctor_especialidad
    ADD CONSTRAINT core_doctor_especial_especialidad_id_f21e4a8b_fk_core_espe FOREIGN KEY (especialidad_id) REFERENCES public.core_especialidad(id) DEFERRABLE INITIALLY DEFERRED;


--
-- TOC entry 5141 (class 2606 OID 25797)
-- Name: core_doctor_especialidad core_doctor_especialidad_doctor_id_7d83a662_fk_core_doctor_id; Type: FK CONSTRAINT; Schema: public; Owner: postgres
--

ALTER TABLE ONLY public.core_doctor_especialidad
    ADD CONSTRAINT core_doctor_especialidad_doctor_id_7d83a662_fk_core_doctor_id FOREIGN KEY (doctor_id) REFERENCES public.core_doctor(id) DEFERRABLE INITIALLY DEFERRED;


--
-- TOC entry 5139 (class 2606 OID 25786)
-- Name: core_empleado core_empleado_cargo_id_bd019d54_fk_core_cargo_id; Type: FK CONSTRAINT; Schema: public; Owner: postgres
--

ALTER TABLE ONLY public.core_empleado
    ADD CONSTRAINT core_empleado_cargo_id_bd019d54_fk_core_cargo_id FOREIGN KEY (cargo_id) REFERENCES public.core_cargo(id) DEFERRABLE INITIALLY DEFERRED;


--
-- TOC entry 5145 (class 2606 OID 25858)
-- Name: core_fotopaciente core_fotopaciente_paciente_id_7ad6ca34_fk_core_paciente_id; Type: FK CONSTRAINT; Schema: public; Owner: postgres
--

ALTER TABLE ONLY public.core_fotopaciente
    ADD CONSTRAINT core_fotopaciente_paciente_id_7ad6ca34_fk_core_paciente_id FOREIGN KEY (paciente_id) REFERENCES public.core_paciente(id) DEFERRABLE INITIALLY DEFERRED;


--
-- TOC entry 5146 (class 2606 OID 25864)
-- Name: core_gastomensual core_gastomensual_tipo_gasto_id_e9e1e25e_fk_core_tipogasto_id; Type: FK CONSTRAINT; Schema: public; Owner: postgres
--

ALTER TABLE ONLY public.core_gastomensual
    ADD CONSTRAINT core_gastomensual_tipo_gasto_id_e9e1e25e_fk_core_tipogasto_id FOREIGN KEY (tipo_gasto_id) REFERENCES public.core_tipogasto(id) DEFERRABLE INITIALLY DEFERRED;


--
-- TOC entry 5142 (class 2606 OID 25809)
-- Name: core_medicamento core_medicamento_marca_medicamento_id_219793df_fk_core_marc; Type: FK CONSTRAINT; Schema: public; Owner: postgres
--

ALTER TABLE ONLY public.core_medicamento
    ADD CONSTRAINT core_medicamento_marca_medicamento_id_219793df_fk_core_marc FOREIGN KEY (marca_medicamento_id) REFERENCES public.core_marcamedicamento(id) DEFERRABLE INITIALLY DEFERRED;


--
-- TOC entry 5143 (class 2606 OID 25814)
-- Name: core_medicamento core_medicamento_tipo_id_3a1a2263_fk_core_tipomedicamento_id; Type: FK CONSTRAINT; Schema: public; Owner: postgres
--

ALTER TABLE ONLY public.core_medicamento
    ADD CONSTRAINT core_medicamento_tipo_id_3a1a2263_fk_core_tipomedicamento_id FOREIGN KEY (tipo_id) REFERENCES public.core_tipomedicamento(id) DEFERRABLE INITIALLY DEFERRED;


--
-- TOC entry 5144 (class 2606 OID 25822)
-- Name: core_paciente core_paciente_tipo_sangre_id_ec5ab4fa_fk_core_tiposangre_id; Type: FK CONSTRAINT; Schema: public; Owner: postgres
--

ALTER TABLE ONLY public.core_paciente
    ADD CONSTRAINT core_paciente_tipo_sangre_id_ec5ab4fa_fk_core_tiposangre_id FOREIGN KEY (tipo_sangre_id) REFERENCES public.core_tiposangre(id) DEFERRABLE INITIALLY DEFERRED;


--
-- TOC entry 5136 (class 2606 OID 18283)
-- Name: django_admin_log django_admin_log_content_type_id_c4bce8eb_fk_django_co; Type: FK CONSTRAINT; Schema: public; Owner: postgres
--

ALTER TABLE ONLY public.django_admin_log
    ADD CONSTRAINT django_admin_log_content_type_id_c4bce8eb_fk_django_co FOREIGN KEY (content_type_id) REFERENCES public.django_content_type(id) DEFERRABLE INITIALLY DEFERRED;


--
-- TOC entry 5137 (class 2606 OID 18288)
-- Name: django_admin_log django_admin_log_user_id_c564eba6_fk_security_user_id; Type: FK CONSTRAINT; Schema: public; Owner: postgres
--

ALTER TABLE ONLY public.django_admin_log
    ADD CONSTRAINT django_admin_log_user_id_c564eba6_fk_security_user_id FOREIGN KEY (user_id) REFERENCES public.security_user(id) DEFERRABLE INITIALLY DEFERRED;


--
-- TOC entry 5147 (class 2606 OID 26061)
-- Name: doctor_atencion doctor_atencion_cita_id_6988aee7_fk_doctor_citamedica_id; Type: FK CONSTRAINT; Schema: public; Owner: postgres
--

ALTER TABLE ONLY public.doctor_atencion
    ADD CONSTRAINT doctor_atencion_cita_id_6988aee7_fk_doctor_citamedica_id FOREIGN KEY (cita_id) REFERENCES public.doctor_citamedica(id) DEFERRABLE INITIALLY DEFERRED;


--
-- TOC entry 5150 (class 2606 OID 25973)
-- Name: doctor_atencion_diagnostico doctor_atencion_diag_atencion_id_f94d09eb_fk_doctor_at; Type: FK CONSTRAINT; Schema: public; Owner: postgres
--

ALTER TABLE ONLY public.doctor_atencion_diagnostico
    ADD CONSTRAINT doctor_atencion_diag_atencion_id_f94d09eb_fk_doctor_at FOREIGN KEY (atencion_id) REFERENCES public.doctor_atencion(id) DEFERRABLE INITIALLY DEFERRED;


--
-- TOC entry 5151 (class 2606 OID 25978)
-- Name: doctor_atencion_diagnostico doctor_atencion_diag_diagnostico_id_d3b17846_fk_core_diag; Type: FK CONSTRAINT; Schema: public; Owner: postgres
--

ALTER TABLE ONLY public.doctor_atencion_diagnostico
    ADD CONSTRAINT doctor_atencion_diag_diagnostico_id_d3b17846_fk_core_diag FOREIGN KEY (diagnostico_id) REFERENCES public.core_diagnostico(id) DEFERRABLE INITIALLY DEFERRED;


--
-- TOC entry 5148 (class 2606 OID 26067)
-- Name: doctor_atencion doctor_atencion_doctor_id_c65e50fe_fk_core_doctor_id; Type: FK CONSTRAINT; Schema: public; Owner: postgres
--

ALTER TABLE ONLY public.doctor_atencion
    ADD CONSTRAINT doctor_atencion_doctor_id_c65e50fe_fk_core_doctor_id FOREIGN KEY (doctor_id) REFERENCES public.core_doctor(id) DEFERRABLE INITIALLY DEFERRED;


--
-- TOC entry 5149 (class 2606 OID 25964)
-- Name: doctor_atencion doctor_atencion_paciente_id_aced4346_fk_core_paciente_id; Type: FK CONSTRAINT; Schema: public; Owner: postgres
--

ALTER TABLE ONLY public.doctor_atencion
    ADD CONSTRAINT doctor_atencion_paciente_id_aced4346_fk_core_paciente_id FOREIGN KEY (paciente_id) REFERENCES public.core_paciente(id) DEFERRABLE INITIALLY DEFERRED;


--
-- TOC entry 5157 (class 2606 OID 26073)
-- Name: doctor_citamedica doctor_citamedica_doctor_id_1f686541_fk_core_doctor_id; Type: FK CONSTRAINT; Schema: public; Owner: postgres
--

ALTER TABLE ONLY public.doctor_citamedica
    ADD CONSTRAINT doctor_citamedica_doctor_id_1f686541_fk_core_doctor_id FOREIGN KEY (doctor_id) REFERENCES public.core_doctor(id) DEFERRABLE INITIALLY DEFERRED;


--
-- TOC entry 5158 (class 2606 OID 26022)
-- Name: doctor_citamedica doctor_citamedica_paciente_id_b90e1208_fk_core_paciente_id; Type: FK CONSTRAINT; Schema: public; Owner: postgres
--

ALTER TABLE ONLY public.doctor_citamedica
    ADD CONSTRAINT doctor_citamedica_paciente_id_b90e1208_fk_core_paciente_id FOREIGN KEY (paciente_id) REFERENCES public.core_paciente(id) DEFERRABLE INITIALLY DEFERRED;


--
-- TOC entry 5152 (class 2606 OID 25985)
-- Name: doctor_detalleatencion doctor_detalleatenci_atencion_id_31c8d2f5_fk_doctor_at; Type: FK CONSTRAINT; Schema: public; Owner: postgres
--

ALTER TABLE ONLY public.doctor_detalleatencion
    ADD CONSTRAINT doctor_detalleatenci_atencion_id_31c8d2f5_fk_doctor_at FOREIGN KEY (atencion_id) REFERENCES public.doctor_atencion(id) DEFERRABLE INITIALLY DEFERRED;


--
-- TOC entry 5153 (class 2606 OID 25990)
-- Name: doctor_detalleatencion doctor_detalleatenci_medicamento_id_4385e4a7_fk_core_medi; Type: FK CONSTRAINT; Schema: public; Owner: postgres
--

ALTER TABLE ONLY public.doctor_detalleatencion
    ADD CONSTRAINT doctor_detalleatenci_medicamento_id_4385e4a7_fk_core_medi FOREIGN KEY (medicamento_id) REFERENCES public.core_medicamento(id) DEFERRABLE INITIALLY DEFERRED;


--
-- TOC entry 5155 (class 2606 OID 26003)
-- Name: doctor_detallepago doctor_detallepago_pago_id_3dc95009_fk_doctor_pago_id; Type: FK CONSTRAINT; Schema: public; Owner: postgres
--

ALTER TABLE ONLY public.doctor_detallepago
    ADD CONSTRAINT doctor_detallepago_pago_id_3dc95009_fk_doctor_pago_id FOREIGN KEY (pago_id) REFERENCES public.doctor_pago(id) DEFERRABLE INITIALLY DEFERRED;


--
-- TOC entry 5156 (class 2606 OID 26008)
-- Name: doctor_detallepago doctor_detallepago_servicio_adicional_i_0a4dd5fc_fk_doctor_se; Type: FK CONSTRAINT; Schema: public; Owner: postgres
--

ALTER TABLE ONLY public.doctor_detallepago
    ADD CONSTRAINT doctor_detallepago_servicio_adicional_i_0a4dd5fc_fk_doctor_se FOREIGN KEY (servicio_adicional_id) REFERENCES public.doctor_serviciosadicionales(id) DEFERRABLE INITIALLY DEFERRED;


--
-- TOC entry 5159 (class 2606 OID 26079)
-- Name: doctor_horarioatencion doctor_horarioatencion_doctor_id_507770c8_fk_core_doctor_id; Type: FK CONSTRAINT; Schema: public; Owner: postgres
--

ALTER TABLE ONLY public.doctor_horarioatencion
    ADD CONSTRAINT doctor_horarioatencion_doctor_id_507770c8_fk_core_doctor_id FOREIGN KEY (doctor_id) REFERENCES public.core_doctor(id) DEFERRABLE INITIALLY DEFERRED;


--
-- TOC entry 5154 (class 2606 OID 25997)
-- Name: doctor_pago doctor_pago_atencion_id_b5287902_fk_doctor_atencion_id; Type: FK CONSTRAINT; Schema: public; Owner: postgres
--

ALTER TABLE ONLY public.doctor_pago
    ADD CONSTRAINT doctor_pago_atencion_id_b5287902_fk_doctor_atencion_id FOREIGN KEY (atencion_id) REFERENCES public.doctor_atencion(id) DEFERRABLE INITIALLY DEFERRED;


--
-- TOC entry 5138 (class 2606 OID 18689)
-- Name: security_audituser security_audituser_usuario_id_89929883_fk_security_user_id; Type: FK CONSTRAINT; Schema: public; Owner: postgres
--

ALTER TABLE ONLY public.security_audituser
    ADD CONSTRAINT security_audituser_usuario_id_89929883_fk_security_user_id FOREIGN KEY (usuario_id) REFERENCES public.security_user(id) DEFERRABLE INITIALLY DEFERRED;


--
-- TOC entry 5132 (class 2606 OID 18248)
-- Name: security_groupmodulepermission security_groupmodule_group_id_909b495c_fk_auth_grou; Type: FK CONSTRAINT; Schema: public; Owner: postgres
--

ALTER TABLE ONLY public.security_groupmodulepermission
    ADD CONSTRAINT security_groupmodule_group_id_909b495c_fk_auth_grou FOREIGN KEY (group_id) REFERENCES public.auth_group(id) DEFERRABLE INITIALLY DEFERRED;


--
-- TOC entry 5134 (class 2606 OID 18262)
-- Name: security_groupmodulepermission_permissions security_groupmodule_groupmodulepermissio_ef043388_fk_security_; Type: FK CONSTRAINT; Schema: public; Owner: postgres
--

ALTER TABLE ONLY public.security_groupmodulepermission_permissions
    ADD CONSTRAINT security_groupmodule_groupmodulepermissio_ef043388_fk_security_ FOREIGN KEY (groupmodulepermission_id) REFERENCES public.security_groupmodulepermission(id) DEFERRABLE INITIALLY DEFERRED;


--
-- TOC entry 5133 (class 2606 OID 18253)
-- Name: security_groupmodulepermission security_groupmodule_module_id_4e3c45a6_fk_security_; Type: FK CONSTRAINT; Schema: public; Owner: postgres
--

ALTER TABLE ONLY public.security_groupmodulepermission
    ADD CONSTRAINT security_groupmodule_module_id_4e3c45a6_fk_security_ FOREIGN KEY (module_id) REFERENCES public.security_module(id) DEFERRABLE INITIALLY DEFERRED;


--
-- TOC entry 5135 (class 2606 OID 18267)
-- Name: security_groupmodulepermission_permissions security_groupmodule_permission_id_e3d53c1b_fk_auth_perm; Type: FK CONSTRAINT; Schema: public; Owner: postgres
--

ALTER TABLE ONLY public.security_groupmodulepermission_permissions
    ADD CONSTRAINT security_groupmodule_permission_id_e3d53c1b_fk_auth_perm FOREIGN KEY (permission_id) REFERENCES public.auth_permission(id) DEFERRABLE INITIALLY DEFERRED;


--
-- TOC entry 5129 (class 2606 OID 18227)
-- Name: security_module security_module_menu_id_fe8048f5_fk_security_menu_id; Type: FK CONSTRAINT; Schema: public; Owner: postgres
--

ALTER TABLE ONLY public.security_module
    ADD CONSTRAINT security_module_menu_id_fe8048f5_fk_security_menu_id FOREIGN KEY (menu_id) REFERENCES public.security_menu(id) DEFERRABLE INITIALLY DEFERRED;


--
-- TOC entry 5130 (class 2606 OID 18236)
-- Name: security_module_permissions security_module_perm_module_id_d16f89bb_fk_security_; Type: FK CONSTRAINT; Schema: public; Owner: postgres
--

ALTER TABLE ONLY public.security_module_permissions
    ADD CONSTRAINT security_module_perm_module_id_d16f89bb_fk_security_ FOREIGN KEY (module_id) REFERENCES public.security_module(id) DEFERRABLE INITIALLY DEFERRED;


--
-- TOC entry 5131 (class 2606 OID 18241)
-- Name: security_module_permissions security_module_perm_permission_id_088d4204_fk_auth_perm; Type: FK CONSTRAINT; Schema: public; Owner: postgres
--

ALTER TABLE ONLY public.security_module_permissions
    ADD CONSTRAINT security_module_perm_permission_id_088d4204_fk_auth_perm FOREIGN KEY (permission_id) REFERENCES public.auth_permission(id) DEFERRABLE INITIALLY DEFERRED;


--
-- TOC entry 5125 (class 2606 OID 18206)
-- Name: security_user_groups security_user_groups_group_id_33b312e0_fk_auth_group_id; Type: FK CONSTRAINT; Schema: public; Owner: postgres
--

ALTER TABLE ONLY public.security_user_groups
    ADD CONSTRAINT security_user_groups_group_id_33b312e0_fk_auth_group_id FOREIGN KEY (group_id) REFERENCES public.auth_group(id) DEFERRABLE INITIALLY DEFERRED;


--
-- TOC entry 5126 (class 2606 OID 18201)
-- Name: security_user_groups security_user_groups_user_id_b0265551_fk_security_user_id; Type: FK CONSTRAINT; Schema: public; Owner: postgres
--

ALTER TABLE ONLY public.security_user_groups
    ADD CONSTRAINT security_user_groups_user_id_b0265551_fk_security_user_id FOREIGN KEY (user_id) REFERENCES public.security_user(id) DEFERRABLE INITIALLY DEFERRED;


--
-- TOC entry 5127 (class 2606 OID 18220)
-- Name: security_user_user_permissions security_user_user_p_permission_id_6613a932_fk_auth_perm; Type: FK CONSTRAINT; Schema: public; Owner: postgres
--

ALTER TABLE ONLY public.security_user_user_permissions
    ADD CONSTRAINT security_user_user_p_permission_id_6613a932_fk_auth_perm FOREIGN KEY (permission_id) REFERENCES public.auth_permission(id) DEFERRABLE INITIALLY DEFERRED;


--
-- TOC entry 5128 (class 2606 OID 18215)
-- Name: security_user_user_permissions security_user_user_p_user_id_adf6f194_fk_security_; Type: FK CONSTRAINT; Schema: public; Owner: postgres
--

ALTER TABLE ONLY public.security_user_user_permissions
    ADD CONSTRAINT security_user_user_p_user_id_adf6f194_fk_security_ FOREIGN KEY (user_id) REFERENCES public.security_user(id) DEFERRABLE INITIALLY DEFERRED;


-- Completed on 2025-07-05 02:55:13

--
-- PostgreSQL database dump complete
--

